insert into peca (id_peca, descricao, material, weight, dimensao) values (1, 'screw', 'carbon fiber', 62.02, 'small');
insert into peca (id_peca, descricao, material, weight, dimensao) values (2, 'bolt', 'aluminum', 81.61, 'extra large');
insert into peca (id_peca, descricao, material, weight, dimensao) values (3, 'screw', 'aluminum', 222.35, 'large');
insert into peca (id_peca, descricao, material, weight, dimensao) values (4, 'washer', 'steel', 59.49, 'medium');
insert into peca (id_peca, descricao, material, weight, dimensao) values (5, 'rivet', 'plastic', 268.21, 'small');
insert into peca (id_peca, descricao, material, weight, dimensao) values (6, 'nut', 'wood', 61.06, 'small');
insert into peca (id_peca, descricao, material, weight, dimensao) values (7, 'nut', 'aluminum', 9.24, 'medium');
insert into peca (id_peca, descricao, material, weight, dimensao) values (8, 'bolt', 'wood', 9.67, 'large');
insert into peca (id_peca, descricao, material, weight, dimensao) values (9, 'washer', 'steel', 97.15, 'extra large');
insert into peca (id_peca, descricao, material, weight, dimensao) values (10, 'nut', 'wood', 44.81, 'small');
insert into peca (id_peca, descricao, material, weight, dimensao) values (11, 'screw', 'wood', 48.11, 'small');
insert into peca (id_peca, descricao, material, weight, dimensao) values (12, 'bolt', 'plastic', 178.22, 'medium');
insert into peca (id_peca, descricao, material, weight, dimensao) values (13, 'washer', 'wood', 242.31, 'large');
insert into peca (id_peca, descricao, material, weight, dimensao) values (14, 'nut', 'plastic', 112.25, 'small');
insert into peca (id_peca, descricao, material, weight, dimensao) values (15, 'rivet', 'steel', 281.45, 'medium');
insert into peca (id_peca, descricao, material, weight, dimensao) values (16, 'screw', 'plastic', 84.84, 'medium');
insert into peca (id_peca, descricao, material, weight, dimensao) values (17, 'washer', 'plastic', 48.32, 'large');
insert into peca (id_peca, descricao, material, weight, dimensao) values (18, 'bolt', 'aluminum', 149.73, 'large');
insert into peca (id_peca, descricao, material, weight, dimensao) values (19, 'washer', 'carbon fiber', 71.89, 'small');
insert into peca (id_peca, descricao, material, weight, dimensao) values (20, 'rivet', 'aluminum', 4.32, 'extra large');
insert into peca (id_peca, descricao, material, weight, dimensao) values (21, 'bolt', 'plastic', 69.14, 'small');
insert into peca (id_peca, descricao, material, weight, dimensao) values (22, 'washer', 'plastic', 154.42, 'medium');
insert into peca (id_peca, descricao, material, weight, dimensao) values (23, 'rivet', 'steel', 1.53, 'medium');
insert into peca (id_peca, descricao, material, weight, dimensao) values (24, 'nut', 'carbon fiber', 56.97, 'medium');
insert into peca (id_peca, descricao, material, weight, dimensao) values (25, 'washer', 'aluminum', 6.85, 'medium');
insert into peca (id_peca, descricao, material, weight, dimensao) values (26, 'rivet', 'plastic', 15.72, 'extra large');
insert into peca (id_peca, descricao, material, weight, dimensao) values (27, 'rivet', 'plastic', 252.26, 'extra large');
insert into peca (id_peca, descricao, material, weight, dimensao) values (28, 'washer', 'carbon fiber', 191.8, 'extra large');
insert into peca (id_peca, descricao, material, weight, dimensao) values (29, 'screw', 'carbon fiber', 57.48, 'medium');
insert into peca (id_peca, descricao, material, weight, dimensao) values (30, 'washer', 'plastic', 242.25, 'medium');
insert into peca (id_peca, descricao, material, weight, dimensao) values (31, 'nut', 'plastic', 164.65, 'extra large');
insert into peca (id_peca, descricao, material, weight, dimensao) values (32, 'nut', 'steel', 253.59, 'medium');
insert into peca (id_peca, descricao, material, weight, dimensao) values (33, 'rivet', 'wood', 129.62, 'small');
insert into peca (id_peca, descricao, material, weight, dimensao) values (34, 'bolt', 'aluminum', 106.91, 'small');
insert into peca (id_peca, descricao, material, weight, dimensao) values (35, 'bolt', 'plastic', 179.18, 'extra large');
insert into peca (id_peca, descricao, material, weight, dimensao) values (36, 'washer', 'plastic', 187.86, 'extra large');
insert into peca (id_peca, descricao, material, weight, dimensao) values (37, 'rivet', 'wood', 212.07, 'small');
insert into peca (id_peca, descricao, material, weight, dimensao) values (38, 'bolt', 'carbon fiber', 11.65, 'small');
insert into peca (id_peca, descricao, material, weight, dimensao) values (39, 'bolt', 'aluminum', 172.86, 'large');
insert into peca (id_peca, descricao, material, weight, dimensao) values (40, 'screw', 'wood', 168.7, 'small');
insert into peca (id_peca, descricao, material, weight, dimensao) values (41, 'nut', 'plastic', 148.98, 'medium');
insert into peca (id_peca, descricao, material, weight, dimensao) values (42, 'screw', 'carbon fiber', 160.07, 'small');
insert into peca (id_peca, descricao, material, weight, dimensao) values (43, 'nut', 'carbon fiber', 123.48, 'extra large');
insert into peca (id_peca, descricao, material, weight, dimensao) values (44, 'rivet', 'steel', 1.78, 'medium');
insert into peca (id_peca, descricao, material, weight, dimensao) values (45, 'bolt', 'plastic', 159.53, 'medium');
insert into peca (id_peca, descricao, material, weight, dimensao) values (46, 'nut', 'aluminum', 96.51, 'small');
insert into peca (id_peca, descricao, material, weight, dimensao) values (47, 'rivet', 'steel', 185.21, 'medium');
insert into peca (id_peca, descricao, material, weight, dimensao) values (48, 'screw', 'wood', 28.66, 'medium');
insert into peca (id_peca, descricao, material, weight, dimensao) values (49, 'bolt', 'aluminum', 224.87, 'large');
insert into peca (id_peca, descricao, material, weight, dimensao) values (50, 'nut', 'wood', 198.54, 'extra large');
insert into peca (id_peca, descricao, material, weight, dimensao) values (51, 'bolt', 'aluminum', 250.59, 'small');
insert into peca (id_peca, descricao, material, weight, dimensao) values (52, 'screw', 'aluminum', 52.0, 'extra large');
insert into peca (id_peca, descricao, material, weight, dimensao) values (53, 'rivet', 'carbon fiber', 14.1, 'extra large');
insert into peca (id_peca, descricao, material, weight, dimensao) values (54, 'washer', 'aluminum', 1.07, 'large');
insert into peca (id_peca, descricao, material, weight, dimensao) values (55, 'screw', 'plastic', 0.85, 'extra large');
insert into peca (id_peca, descricao, material, weight, dimensao) values (56, 'screw', 'aluminum', 39.23, 'extra large');
insert into peca (id_peca, descricao, material, weight, dimensao) values (57, 'bolt', 'carbon fiber', 82.94, 'large');
insert into peca (id_peca, descricao, material, weight, dimensao) values (58, 'rivet', 'plastic', 181.21, 'extra large');
insert into peca (id_peca, descricao, material, weight, dimensao) values (59, 'screw', 'aluminum', 8.47, 'medium');
insert into peca (id_peca, descricao, material, weight, dimensao) values (60, 'rivet', 'steel', 94.93, 'medium');

select * from maquinas;
insert into maquinas (id_maquina, nome_maquina, descricao, capacidade_max, ultima_manu) values (1, 'Gamma Maker', 'Ut labore et dolore magna aliqua', 7474.63, '8/3/2020');
insert into maquinas (id_maquina, nome_maquina, descricao, capacidade_max, ultima_manu) values (2, 'Delta Processor', 'Lorem ipsum dolor sit amet', 1322.68, '9/22/2021');
insert into maquinas (id_maquina, nome_maquina, descricao, capacidade_max, ultima_manu) values (3, 'Beta Generator', 'Ut labore et dolore magna aliqua', 4363.0, '11/23/2018');
insert into maquinas (id_maquina, nome_maquina, descricao, capacidade_max, ultima_manu) values (4, 'Alpha Machine', 'Ut labore et dolore magna aliqua', 4524.29, '10/20/2019');
insert into maquinas (id_maquina, nome_maquina, descricao, capacidade_max, ultima_manu) values (5, 'Gamma Maker', 'Ut enim ad minim veniam', 562.06, '7/10/2017');
insert into maquinas (id_maquina, nome_maquina, descricao, capacidade_max, ultima_manu) values (6, 'Delta Processor', 'Ut labore et dolore magna aliqua', 9427.02, '9/4/2016');
insert into maquinas (id_maquina, nome_maquina, descricao, capacidade_max, ultima_manu) values (7, 'Alpha Machine', 'Sed do eiusmod tempor incididunt', 5293.93, '8/18/2015');
insert into maquinas (id_maquina, nome_maquina, descricao, capacidade_max, ultima_manu) values (8, 'Alpha Machine', 'Sed do eiusmod tempor incididunt', 7807.49, '1/5/2014');
insert into maquinas (id_maquina, nome_maquina, descricao, capacidade_max, ultima_manu) values (9, 'Alpha Machine', 'Consectetur adipiscing elit', 123.76, '10/21/2022');
insert into maquinas (id_maquina, nome_maquina, descricao, capacidade_max, ultima_manu) values (10, 'Delta Processor', 'Ut labore et dolore magna aliqua', 1005.48, '12/8/2015');
insert into maquinas (id_maquina, nome_maquina, descricao, capacidade_max, ultima_manu) values (11, 'Alpha Machine', 'Lorem ipsum dolor sit amet', 2958.27, '6/27/2016');
insert into maquinas (id_maquina, nome_maquina, descricao, capacidade_max, ultima_manu) values (12, 'Gamma Maker', 'Ut labore et dolore magna aliqua', 3301.39, '5/7/2015');
insert into maquinas (id_maquina, nome_maquina, descricao, capacidade_max, ultima_manu) values (13, 'Delta Processor', 'Lorem ipsum dolor sit amet', 8891.58, '11/13/2016');
insert into maquinas (id_maquina, nome_maquina, descricao, capacidade_max, ultima_manu) values (14, 'Beta Generator', 'Sed do eiusmod tempor incididunt', 8202.26, '7/30/2014');
insert into maquinas (id_maquina, nome_maquina, descricao, capacidade_max, ultima_manu) values (15, 'Gamma Maker', 'Ut labore et dolore magna aliqua', 8203.47, '8/10/2018');
insert into maquinas (id_maquina, nome_maquina, descricao, capacidade_max, ultima_manu) values (16, 'Beta Generator', 'Lorem ipsum dolor sit amet', 7663.75, '8/2/2011');
insert into maquinas (id_maquina, nome_maquina, descricao, capacidade_max, ultima_manu) values (17, 'Epsilon Fabricator', 'Consectetur adipiscing elit', 8584.53, '6/27/2021');
insert into maquinas (id_maquina, nome_maquina, descricao, capacidade_max, ultima_manu) values (18, 'Delta Processor', 'Ut labore et dolore magna aliqua', 1303.38, '9/27/2012');
insert into maquinas (id_maquina, nome_maquina, descricao, capacidade_max, ultima_manu) values (19, 'Gamma Maker', 'Ut labore et dolore magna aliqua', 7873.65, '4/18/2018');
insert into maquinas (id_maquina, nome_maquina, descricao, capacidade_max, ultima_manu) values (20, 'Delta Processor', 'Ut labore et dolore magna aliqua', 5420.43, '6/13/2016');
insert into maquinas (id_maquina, nome_maquina, descricao, capacidade_max, ultima_manu) values (21, 'Epsilon Fabricator', 'Consectetur adipiscing elit', 9567.56, '6/15/2022');
insert into maquinas (id_maquina, nome_maquina, descricao, capacidade_max, ultima_manu) values (22, 'Beta Generator', 'Lorem ipsum dolor sit amet', 6331.17, '4/17/2011');
insert into maquinas (id_maquina, nome_maquina, descricao, capacidade_max, ultima_manu) values (23, 'Alpha Machine', 'Lorem ipsum dolor sit amet', 5583.26, '2/16/2011');
insert into maquinas (id_maquina, nome_maquina, descricao, capacidade_max, ultima_manu) values (24, 'Alpha Machine', 'Lorem ipsum dolor sit amet', 3792.93, '1/25/2016');
insert into maquinas (id_maquina, nome_maquina, descricao, capacidade_max, ultima_manu) values (25, 'Gamma Maker', 'Ut enim ad minim veniam', 1606.44, '12/9/2018');
insert into maquinas (id_maquina, nome_maquina, descricao, capacidade_max, ultima_manu) values (26, 'Alpha Machine', 'Ut labore et dolore magna aliqua', 2008.96, '11/29/2019');
insert into maquinas (id_maquina, nome_maquina, descricao, capacidade_max, ultima_manu) values (27, 'Epsilon Fabricator', 'Ut enim ad minim veniam', 7648.07, '5/24/2010');
insert into maquinas (id_maquina, nome_maquina, descricao, capacidade_max, ultima_manu) values (28, 'Epsilon Fabricator', 'Ut labore et dolore magna aliqua', 1803.46, '9/19/2015');
insert into maquinas (id_maquina, nome_maquina, descricao, capacidade_max, ultima_manu) values (29, 'Gamma Maker', 'Sed do eiusmod tempor incididunt', 2653.05, '9/19/2016');
insert into maquinas (id_maquina, nome_maquina, descricao, capacidade_max, ultima_manu) values (30, 'Beta Generator', 'Sed do eiusmod tempor incididunt', 1855.03, '11/6/2018');
insert into maquinas (id_maquina, nome_maquina, descricao, capacidade_max, ultima_manu) values (31, 'Beta Generator', 'Sed do eiusmod tempor incididunt', 9616.8, '3/5/2021');
insert into maquinas (id_maquina, nome_maquina, descricao, capacidade_max, ultima_manu) values (32, 'Gamma Maker', 'Ut labore et dolore magna aliqua', 5599.65, '8/11/2022');
insert into maquinas (id_maquina, nome_maquina, descricao, capacidade_max, ultima_manu) values (33, 'Alpha Machine', 'Sed do eiusmod tempor incididunt', 5778.96, '8/14/2011');
insert into maquinas (id_maquina, nome_maquina, descricao, capacidade_max, ultima_manu) values (34, 'Beta Generator', 'Ut labore et dolore magna aliqua', 1558.55, '8/29/2014');
insert into maquinas (id_maquina, nome_maquina, descricao, capacidade_max, ultima_manu) values (35, 'Epsilon Fabricator', 'Sed do eiusmod tempor incididunt', 1488.21, '12/8/2015');
insert into maquinas (id_maquina, nome_maquina, descricao, capacidade_max, ultima_manu) values (36, 'Epsilon Fabricator', 'Lorem ipsum dolor sit amet', 7474.7, '4/1/2021');
insert into maquinas (id_maquina, nome_maquina, descricao, capacidade_max, ultima_manu) values (37, 'Delta Processor', 'Sed do eiusmod tempor incididunt', 6817.53, '7/16/2016');
insert into maquinas (id_maquina, nome_maquina, descricao, capacidade_max, ultima_manu) values (38, 'Epsilon Fabricator', 'Consectetur adipiscing elit', 4231.28, '6/28/2013');
insert into maquinas (id_maquina, nome_maquina, descricao, capacidade_max, ultima_manu) values (39, 'Gamma Maker', 'Consectetur adipiscing elit', 2345.02, '8/5/2015');
insert into maquinas (id_maquina, nome_maquina, descricao, capacidade_max, ultima_manu) values (40, 'Alpha Machine', 'Sed do eiusmod tempor incididunt', 8212.92, '6/9/2012');
insert into maquinas (id_maquina, nome_maquina, descricao, capacidade_max, ultima_manu) values (41, 'Alpha Machine', 'Sed do eiusmod tempor incididunt', 7887.61, '11/11/2013');
insert into maquinas (id_maquina, nome_maquina, descricao, capacidade_max, ultima_manu) values (42, 'Gamma Maker', 'Ut labore et dolore magna aliqua', 1372.19, '12/8/2012');
insert into maquinas (id_maquina, nome_maquina, descricao, capacidade_max, ultima_manu) values (43, 'Beta Generator', 'Sed do eiusmod tempor incididunt', 825.24, '6/8/2010');
insert into maquinas (id_maquina, nome_maquina, descricao, capacidade_max, ultima_manu) values (44, 'Alpha Machine', 'Consectetur adipiscing elit', 1000.03, '6/23/2022');
insert into maquinas (id_maquina, nome_maquina, descricao, capacidade_max, ultima_manu) values (45, 'Epsilon Fabricator', 'Consectetur adipiscing elit', 1389.51, '6/21/2014');
insert into maquinas (id_maquina, nome_maquina, descricao, capacidade_max, ultima_manu) values (46, 'Delta Processor', 'Lorem ipsum dolor sit amet', 5729.09, '4/26/2020');
insert into maquinas (id_maquina, nome_maquina, descricao, capacidade_max, ultima_manu) values (47, 'Epsilon Fabricator', 'Consectetur adipiscing elit', 2221.63, '12/29/2021');
insert into maquinas (id_maquina, nome_maquina, descricao, capacidade_max, ultima_manu) values (48, 'Beta Generator', 'Consectetur adipiscing elit', 4591.44, '12/24/2017');
insert into maquinas (id_maquina, nome_maquina, descricao, capacidade_max, ultima_manu) values (49, 'Beta Generator', 'Ut enim ad minim veniam', 1633.93, '12/9/2013');
insert into maquinas (id_maquina, nome_maquina, descricao, capacidade_max, ultima_manu) values (50, 'Delta Processor', 'Consectetur adipiscing elit', 9086.34, '6/26/2012');
insert into maquinas (id_maquina, nome_maquina, descricao, capacidade_max, ultima_manu) values (51, 'Epsilon Fabricator', 'Lorem ipsum dolor sit amet', 5250.24, '8/15/2017');
insert into maquinas (id_maquina, nome_maquina, descricao, capacidade_max, ultima_manu) values (52, 'Beta Generator', 'Lorem ipsum dolor sit amet', 9825.32, '5/19/2018');
insert into maquinas (id_maquina, nome_maquina, descricao, capacidade_max, ultima_manu) values (53, 'Epsilon Fabricator', 'Ut labore et dolore magna aliqua', 255.87, '11/26/2015');
insert into maquinas (id_maquina, nome_maquina, descricao, capacidade_max, ultima_manu) values (54, 'Beta Generator', 'Ut labore et dolore magna aliqua', 1598.6, '8/29/2014');
insert into maquinas (id_maquina, nome_maquina, descricao, capacidade_max, ultima_manu) values (55, 'Alpha Machine', 'Consectetur adipiscing elit', 6859.98, '11/6/2019');
insert into maquinas (id_maquina, nome_maquina, descricao, capacidade_max, ultima_manu) values (56, 'Beta Generator', 'Sed do eiusmod tempor incididunt', 498.17, '5/16/2012');
insert into maquinas (id_maquina, nome_maquina, descricao, capacidade_max, ultima_manu) values (57, 'Alpha Machine', 'Ut enim ad minim veniam', 2986.58, '1/24/2021');
insert into maquinas (id_maquina, nome_maquina, descricao, capacidade_max, ultima_manu) values (58, 'Gamma Maker', 'Ut enim ad minim veniam', 5696.53, '10/10/2010');
insert into maquinas (id_maquina, nome_maquina, descricao, capacidade_max, ultima_manu) values (59, 'Beta Generator', 'Sed do eiusmod tempor incididunt', 1043.36, '9/25/2018');
insert into maquinas (id_maquina, nome_maquina, descricao, capacidade_max, ultima_manu) values (60, 'Gamma Maker', 'Consectetur adipiscing elit', 1759.89, '11/2/2017');


insert into ordens_prod (id_ordem, id_peca, descricao, quantidade, data_inicio, data_termino, status) values (17, 17, 'Cleaning and sanitization', 401, '8/20/2021', '3/12/2021', 'processing');
insert into ordens_prod (id_ordem, id_peca, descricao, quantidade, data_inicio, data_termino, status) values (21, 51, 'Equipment repair', 762, '12/4/2004', '3/29/2022', 'pending');
insert into ordens_prod (id_ordem, id_peca, descricao, quantidade, data_inicio, data_termino, status) values (72, 45, 'Cleaning and sanitization', 962, '9/21/2013', '7/21/2022', 'pending');
insert into ordens_prod (id_ordem, id_peca, descricao, quantidade, data_inicio, data_termino, status) values (87, 28, 'Facility inspection', 392, '12/25/2017', '6/15/2022', 'cancelled');
insert into ordens_prod (id_ordem, id_peca, descricao, quantidade, data_inicio, data_termino, status) values (67, 48, 'Routine maintenance', 383, '12/26/2004', '2/12/2022', 'processing');
insert into ordens_prod (id_ordem, id_peca, descricao, quantidade, data_inicio, data_termino, status) values (55, 13, 'Facility inspection', 838, '5/14/2007', '7/17/2021', 'completed');
insert into ordens_prod (id_ordem, id_peca, descricao, quantidade, data_inicio, data_termino, status) values (51, 4, 'Cleaning and sanitization', 320, '11/5/2000', '2/1/2021', 'cancelled');
insert into ordens_prod (id_ordem, id_peca, descricao, quantidade, data_inicio, data_termino, status) values (94, 42, 'Replacement of parts', 832, '8/21/2004', '6/16/2021', 'pending');
insert into ordens_prod (id_ordem, id_peca, descricao, quantidade, data_inicio, data_termino, status) values (40, 20, 'Routine maintenance', 644, '12/5/2015', '7/28/2022', 'cancelled');
insert into ordens_prod (id_ordem, id_peca, descricao, quantidade, data_inicio, data_termino, status) values (96, 58, 'Facility inspection', 977, '12/5/2006', '5/27/2021', 'cancelled');
insert into ordens_prod (id_ordem, id_peca, descricao, quantidade, data_inicio, data_termino, status) values (37, 50, 'Replacement of parts', 647, '11/20/2018', '8/14/2022', 'cancelled');
insert into ordens_prod (id_ordem, id_peca, descricao, quantidade, data_inicio, data_termino, status) values (10, 60, 'Routine maintenance', 478, '3/4/2007', '1/7/2022', 'processing');
insert into ordens_prod (id_ordem, id_peca, descricao, quantidade, data_inicio, data_termino, status) values (86, 32, 'Facility inspection', 858, '7/28/2012', '1/14/2021', 'processing');
insert into ordens_prod (id_ordem, id_peca, descricao, quantidade, data_inicio, data_termino, status) values (58, 11, 'Facility inspection', 842, '3/16/2001', '6/15/2021', 'processing');
insert into ordens_prod (id_ordem, id_peca, descricao, quantidade, data_inicio, data_termino, status) values (100, 20, 'Replacement of parts', 882, '4/18/2019', '7/7/2022', 'processing');
insert into ordens_prod (id_ordem, id_peca, descricao, quantidade, data_inicio, data_termino, status) values (1, 34, 'Replacement of parts', 696, '12/27/2006', '9/27/2022', 'cancelled');
insert into ordens_prod (id_ordem, id_peca, descricao, quantidade, data_inicio, data_termino, status) values (14, 23, 'Cleaning and sanitization', 599, '7/24/2008', '7/14/2021', 'cancelled');
insert into ordens_prod (id_ordem, id_peca, descricao, quantidade, data_inicio, data_termino, status) values (72, 60, 'Cleaning and sanitization', 163, '8/21/2003', '11/7/2021', 'processing');
insert into ordens_prod (id_ordem, id_peca, descricao, quantidade, data_inicio, data_termino, status) values (67, 14, 'Equipment repair', 103, '1/20/2005', '10/22/2021', 'completed');
insert into ordens_prod (id_ordem, id_peca, descricao, quantidade, data_inicio, data_termino, status) values (99, 40, 'Routine maintenance', 694, '11/20/2000', '12/6/2022', 'completed');
insert into ordens_prod (id_ordem, id_peca, descricao, quantidade, data_inicio, data_termino, status) values (72, 14, 'Routine maintenance', 146, '3/19/2009', '12/4/2021', 'processing');
insert into ordens_prod (id_ordem, id_peca, descricao, quantidade, data_inicio, data_termino, status) values (62, 52, 'Cleaning and sanitization', 948, '7/15/2007', '11/27/2022', 'processing');
insert into ordens_prod (id_ordem, id_peca, descricao, quantidade, data_inicio, data_termino, status) values (20, 42, 'Routine maintenance', 871, '3/31/2007', '8/14/2021', 'completed');
insert into ordens_prod (id_ordem, id_peca, descricao, quantidade, data_inicio, data_termino, status) values (4, 29, 'Equipment repair', 846, '8/23/2019', '9/10/2022', 'completed');
insert into ordens_prod (id_ordem, id_peca, descricao, quantidade, data_inicio, data_termino, status) values (91, 44, 'Replacement of parts', 326, '6/10/2017', '1/11/2022', 'completed');
insert into ordens_prod (id_ordem, id_peca, descricao, quantidade, data_inicio, data_termino, status) values (9, 48, 'Replacement of parts', 366, '11/5/2021', '7/4/2021', 'cancelled');
insert into ordens_prod (id_ordem, id_peca, descricao, quantidade, data_inicio, data_termino, status) values (26, 30, 'Routine maintenance', 731, '7/10/2013', '11/5/2022', 'processing');
insert into ordens_prod (id_ordem, id_peca, descricao, quantidade, data_inicio, data_termino, status) values (14, 26, 'Routine maintenance', 31, '3/10/2005', '12/16/2022', 'completed');
insert into ordens_prod (id_ordem, id_peca, descricao, quantidade, data_inicio, data_termino, status) values (45, 60, 'Facility inspection', 13, '11/12/2016', '4/3/2022', 'processing');
insert into ordens_prod (id_ordem, id_peca, descricao, quantidade, data_inicio, data_termino, status) values (17, 36, 'Cleaning and sanitization', 511, '2/18/2011', '5/10/2021', 'pending');
insert into ordens_prod (id_ordem, id_peca, descricao, quantidade, data_inicio, data_termino, status) values (41, 9, 'Routine maintenance', 636, '5/28/2019', '5/21/2021', 'completed');
insert into ordens_prod (id_ordem, id_peca, descricao, quantidade, data_inicio, data_termino, status) values (74, 51, 'Equipment repair', 833, '10/24/2007', '8/26/2021', 'processing');
insert into ordens_prod (id_ordem, id_peca, descricao, quantidade, data_inicio, data_termino, status) values (59, 22, 'Cleaning and sanitization', 986, '11/18/2018', '5/28/2022', 'pending');
insert into ordens_prod (id_ordem, id_peca, descricao, quantidade, data_inicio, data_termino, status) values (1, 5, 'Facility inspection', 34, '3/18/2017', '7/4/2021', 'processing');
insert into ordens_prod (id_ordem, id_peca, descricao, quantidade, data_inicio, data_termino, status) values (66, 43, 'Facility inspection', 640, '11/24/2019', '3/14/2021', 'processing');
insert into ordens_prod (id_ordem, id_peca, descricao, quantidade, data_inicio, data_termino, status) values (32, 42, 'Equipment repair', 577, '4/28/2003', '5/16/2022', 'cancelled');
insert into ordens_prod (id_ordem, id_peca, descricao, quantidade, data_inicio, data_termino, status) values (56, 27, 'Cleaning and sanitization', 0, '2/25/2000', '7/6/2021', 'processing');
insert into ordens_prod (id_ordem, id_peca, descricao, quantidade, data_inicio, data_termino, status) values (51, 24, 'Routine maintenance', 706, '10/8/2012', '1/20/2022', 'pending');
insert into ordens_prod (id_ordem, id_peca, descricao, quantidade, data_inicio, data_termino, status) values (19, 32, 'Routine maintenance', 409, '5/3/2004', '8/29/2022', 'cancelled');
insert into ordens_prod (id_ordem, id_peca, descricao, quantidade, data_inicio, data_termino, status) values (45, 47, 'Replacement of parts', 993, '10/8/2001', '7/4/2022', 'cancelled');
insert into ordens_prod (id_ordem, id_peca, descricao, quantidade, data_inicio, data_termino, status) values (32, 8, 'Routine maintenance', 77, '9/25/2022', '6/6/2021', 'pending');
insert into ordens_prod (id_ordem, id_peca, descricao, quantidade, data_inicio, data_termino, status) values (83, 1, 'Facility inspection', 259, '5/29/2009', '10/23/2022', 'cancelled');
insert into ordens_prod (id_ordem, id_peca, descricao, quantidade, data_inicio, data_termino, status) values (56, 47, 'Routine maintenance', 436, '12/12/2002', '4/13/2022', 'pending');
insert into ordens_prod (id_ordem, id_peca, descricao, quantidade, data_inicio, data_termino, status) values (6, 17, 'Routine maintenance', 967, '4/30/2022', '12/28/2022', 'cancelled');
insert into ordens_prod (id_ordem, id_peca, descricao, quantidade, data_inicio, data_termino, status) values (39, 5, 'Replacement of parts', 942, '3/15/2021', '3/25/2021', 'cancelled');
insert into ordens_prod (id_ordem, id_peca, descricao, quantidade, data_inicio, data_termino, status) values (64, 32, 'Cleaning and sanitization', 489, '5/28/2012', '11/7/2021', 'cancelled');
insert into ordens_prod (id_ordem, id_peca, descricao, quantidade, data_inicio, data_termino, status) values (10, 60, 'Cleaning and sanitization', 62, '11/24/2018', '6/4/2021', 'processing');
insert into ordens_prod (id_ordem, id_peca, descricao, quantidade, data_inicio, data_termino, status) values (41, 21, 'Replacement of parts', 412, '9/30/2012', '11/26/2022', 'pending');
insert into ordens_prod (id_ordem, id_peca, descricao, quantidade, data_inicio, data_termino, status) values (13, 39, 'Routine maintenance', 384, '1/4/2013', '3/1/2021', 'pending');
insert into ordens_prod (id_ordem, id_peca, descricao, quantidade, data_inicio, data_termino, status) values (11, 59, 'Routine maintenance', 856, '2/6/2011', '3/18/2021', 'processing');
insert into ordens_prod (id_ordem, id_peca, descricao, quantidade, data_inicio, data_termino, status) values (93, 44, 'Replacement of parts', 758, '11/15/2018', '6/3/2021', 'processing');
insert into ordens_prod (id_ordem, id_peca, descricao, quantidade, data_inicio, data_termino, status) values (32, 7, 'Facility inspection', 830, '3/28/2015', '4/13/2022', 'cancelled');
insert into ordens_prod (id_ordem, id_peca, descricao, quantidade, data_inicio, data_termino, status) values (4, 4, 'Cleaning and sanitization', 121, '3/17/2015', '12/25/2021', 'cancelled');
insert into ordens_prod (id_ordem, id_peca, descricao, quantidade, data_inicio, data_termino, status) values (10, 13, 'Equipment repair', 401, '6/2/2003', '8/8/2021', 'completed');
insert into ordens_prod (id_ordem, id_peca, descricao, quantidade, data_inicio, data_termino, status) values (16, 36, 'Routine maintenance', 420, '8/17/2021', '2/7/2021', 'completed');
insert into ordens_prod (id_ordem, id_peca, descricao, quantidade, data_inicio, data_termino, status) values (74, 47, 'Equipment repair', 741, '5/27/2013', '9/17/2022', 'completed');
insert into ordens_prod (id_ordem, id_peca, descricao, quantidade, data_inicio, data_termino, status) values (41, 45, 'Routine maintenance', 467, '6/28/2019', '8/4/2022', 'completed');
insert into ordens_prod (id_ordem, id_peca, descricao, quantidade, data_inicio, data_termino, status) values (70, 41, 'Facility inspection', 892, '3/25/2003', '11/24/2021', 'processing');
insert into ordens_prod (id_ordem, id_peca, descricao, quantidade, data_inicio, data_termino, status) values (50, 11, 'Replacement of parts', 365, '7/18/2019', '4/23/2021', 'cancelled');
insert into ordens_prod (id_ordem, id_peca, descricao, quantidade, data_inicio, data_termino, status) values (75, 4, 'Facility inspection', 281, '10/14/2014', '2/12/2022', 'processing');

insert into operadores (id_operador, nome, especializacao, disponibilidade, historico_prod) values (99, 'David', 'Operador de Retífica', 'indisponível', '10 unidades');
insert into operadores (id_operador, nome, especializacao, disponibilidade, historico_prod) values (49, 'David', 'Operador de Fresadora', 'disponível', '15 unidades');
insert into operadores (id_operador, nome, especializacao, disponibilidade, historico_prod) values (5, 'Michael', 'Operador de Fresadora', 'disponível', '8 unidades');
insert into operadores (id_operador, nome, especializacao, disponibilidade, historico_prod) values (100, 'John', 'Operador de Retífica', 'indisponível', '12 unidades');
insert into operadores (id_operador, nome, especializacao, disponibilidade, historico_prod) values (36, 'Sarah', 'Operador de Retífica', 'disponível', '10 unidades');
insert into operadores (id_operador, nome, especializacao, disponibilidade, historico_prod) values (5, 'David', 'Operador de CNC', 'disponível', '8 unidades');
insert into operadores (id_operador, nome, especializacao, disponibilidade, historico_prod) values (61, 'Michael', 'Operador de Retífica', 'disponível', '12 unidades');
insert into operadores (id_operador, nome, especializacao, disponibilidade, historico_prod) values (41, 'Michael', 'Operador de CNC', 'disponível', '12 unidades');
insert into operadores (id_operador, nome, especializacao, disponibilidade, historico_prod) values (32, 'Michael', 'Operador de Torno', 'disponível', '15 unidades');
insert into operadores (id_operador, nome, especializacao, disponibilidade, historico_prod) values (40, 'John', 'Operador de Retífica', 'indisponível', '12 unidades');
insert into operadores (id_operador, nome, especializacao, disponibilidade, historico_prod) values (94, 'Michael', 'Operador de Retífica', 'disponível', '8 unidades');
insert into operadores (id_operador, nome, especializacao, disponibilidade, historico_prod) values (48, 'David', 'Operador de Retífica', 'disponível', '8 unidades');
insert into operadores (id_operador, nome, especializacao, disponibilidade, historico_prod) values (76, 'Sarah', 'Operador de Fresadora', 'indisponível', '12 unidades');
insert into operadores (id_operador, nome, especializacao, disponibilidade, historico_prod) values (26, 'Mary', 'Operador de Fresadora', 'indisponível', '15 unidades');
insert into operadores (id_operador, nome, especializacao, disponibilidade, historico_prod) values (59, 'John', 'Operador de CNC', 'indisponível', '12 unidades');
insert into operadores (id_operador, nome, especializacao, disponibilidade, historico_prod) values (94, 'John', 'Operador de Torno', 'indisponível', '5 unidades');
insert into operadores (id_operador, nome, especializacao, disponibilidade, historico_prod) values (20, 'David', 'Operador de CNC', 'disponível', '5 unidades');
insert into operadores (id_operador, nome, especializacao, disponibilidade, historico_prod) values (9, 'John', 'Operador de Retífica', 'disponível', '8 unidades');
insert into operadores (id_operador, nome, especializacao, disponibilidade, historico_prod) values (50, 'Sarah', 'Operador de Injetora', 'indisponível', '10 unidades');
insert into operadores (id_operador, nome, especializacao, disponibilidade, historico_prod) values (53, 'Sarah', 'Operador de Fresadora', 'disponível', '15 unidades');
insert into operadores (id_operador, nome, especializacao, disponibilidade, historico_prod) values (99, 'Mary', 'Operador de CNC', 'disponível', '8 unidades');
insert into operadores (id_operador, nome, especializacao, disponibilidade, historico_prod) values (77, 'Michael', 'Operador de Torno', 'disponível', '12 unidades');
insert into operadores (id_operador, nome, especializacao, disponibilidade, historico_prod) values (32, 'John', 'Operador de CNC', 'disponível', '5 unidades');
insert into operadores (id_operador, nome, especializacao, disponibilidade, historico_prod) values (88, 'Mary', 'Operador de Torno', 'indisponível', '8 unidades');
insert into operadores (id_operador, nome, especializacao, disponibilidade, historico_prod) values (55, 'Mary', 'Operador de Torno', 'indisponível', '15 unidades');
insert into operadores (id_operador, nome, especializacao, disponibilidade, historico_prod) values (80, 'John', 'Operador de Fresadora', 'disponível', '10 unidades');
insert into operadores (id_operador, nome, especializacao, disponibilidade, historico_prod) values (7, 'John', 'Operador de CNC', 'disponível', '5 unidades');
insert into operadores (id_operador, nome, especializacao, disponibilidade, historico_prod) values (60, 'Michael', 'Operador de Torno', 'disponível', '8 unidades');
insert into operadores (id_operador, nome, especializacao, disponibilidade, historico_prod) values (11, 'David', 'Operador de Fresadora', 'disponível', '8 unidades');
insert into operadores (id_operador, nome, especializacao, disponibilidade, historico_prod) values (52, 'John', 'Operador de CNC', 'indisponível', '15 unidades');
insert into operadores (id_operador, nome, especializacao, disponibilidade, historico_prod) values (80, 'Michael', 'Operador de Fresadora', 'indisponível', '5 unidades');
insert into operadores (id_operador, nome, especializacao, disponibilidade, historico_prod) values (89, 'Michael', 'Operador de Retífica', 'indisponível', '10 unidades');
insert into operadores (id_operador, nome, especializacao, disponibilidade, historico_prod) values (74, 'John', 'Operador de Torno', 'indisponível', '12 unidades');
insert into operadores (id_operador, nome, especializacao, disponibilidade, historico_prod) values (8, 'Mary', 'Operador de Injetora', 'indisponível', '15 unidades');
insert into operadores (id_operador, nome, especializacao, disponibilidade, historico_prod) values (39, 'Mary', 'Operador de Retífica', 'disponível', '15 unidades');
insert into operadores (id_operador, nome, especializacao, disponibilidade, historico_prod) values (16, 'Mary', 'Operador de Fresadora', 'disponível', '12 unidades');
insert into operadores (id_operador, nome, especializacao, disponibilidade, historico_prod) values (17, 'John', 'Operador de Retífica', 'indisponível', '12 unidades');
insert into operadores (id_operador, nome, especializacao, disponibilidade, historico_prod) values (49, 'John', 'Operador de Injetora', 'disponível', '10 unidades');
insert into operadores (id_operador, nome, especializacao, disponibilidade, historico_prod) values (93, 'John', 'Operador de Torno', 'indisponível', '8 unidades');
insert into operadores (id_operador, nome, especializacao, disponibilidade, historico_prod) values (2, 'Michael', 'Operador de Retífica', 'indisponível', '8 unidades');
insert into operadores (id_operador, nome, especializacao, disponibilidade, historico_prod) values (75, 'David', 'Operador de CNC', 'indisponível', '5 unidades');
insert into operadores (id_operador, nome, especializacao, disponibilidade, historico_prod) values (96, 'Mary', 'Operador de Retífica', 'indisponível', '12 unidades');
insert into operadores (id_operador, nome, especializacao, disponibilidade, historico_prod) values (19, 'Mary', 'Operador de Retífica', 'indisponível', '10 unidades');
insert into operadores (id_operador, nome, especializacao, disponibilidade, historico_prod) values (3, 'Sarah', 'Operador de Fresadora', 'disponível', '12 unidades');
insert into operadores (id_operador, nome, especializacao, disponibilidade, historico_prod) values (97, 'Mary', 'Operador de Retífica', 'indisponível', '12 unidades');
insert into operadores (id_operador, nome, especializacao, disponibilidade, historico_prod) values (32, 'John', 'Operador de Fresadora', 'disponível', '12 unidades');
insert into operadores (id_operador, nome, especializacao, disponibilidade, historico_prod) values (76, 'John', 'Operador de Retífica', 'indisponível', '10 unidades');
insert into operadores (id_operador, nome, especializacao, disponibilidade, historico_prod) values (36, 'David', 'Operador de Retífica', 'indisponível', '8 unidades');
insert into operadores (id_operador, nome, especializacao, disponibilidade, historico_prod) values (7, 'David', 'Operador de Torno', 'indisponível', '15 unidades');
insert into operadores (id_operador, nome, especializacao, disponibilidade, historico_prod) values (95, 'Michael', 'Operador de CNC', 'indisponível', '15 unidades');
insert into operadores (id_operador, nome, especializacao, disponibilidade, historico_prod) values (16, 'John', 'Operador de CNC', 'indisponível', '5 unidades');
insert into operadores (id_operador, nome, especializacao, disponibilidade, historico_prod) values (33, 'Sarah', 'Operador de Retífica', 'disponível', '10 unidades');
insert into operadores (id_operador, nome, especializacao, disponibilidade, historico_prod) values (80, 'John', 'Operador de Retífica', 'indisponível', '8 unidades');
insert into operadores (id_operador, nome, especializacao, disponibilidade, historico_prod) values (8, 'Mary', 'Operador de CNC', 'indisponível', '8 unidades');
insert into operadores (id_operador, nome, especializacao, disponibilidade, historico_prod) values (61, 'Mary', 'Operador de Fresadora', 'indisponível', '10 unidades');
insert into operadores (id_operador, nome, especializacao, disponibilidade, historico_prod) values (33, 'Mary', 'Operador de Torno', 'indisponível', '15 unidades');
insert into operadores (id_operador, nome, especializacao, disponibilidade, historico_prod) values (30, 'David', 'Operador de Fresadora', 'indisponível', '5 unidades');
insert into operadores (id_operador, nome, especializacao, disponibilidade, historico_prod) values (70, 'John', 'Operador de Retífica', 'disponível', '8 unidades');
insert into operadores (id_operador, nome, especializacao, disponibilidade, historico_prod) values (9, 'John', 'Operador de CNC', 'indisponível', '15 unidades');
insert into operadores (id_operador, nome, especializacao, disponibilidade, historico_prod) values (47, 'David', 'Operador de Retífica', 'disponível', '8 unidades');

insert into equipamentos (id_equipamento, nome_equipamento, descrição, data_acsicao, vida_util) values (27, 'jersey', 'Monitor', '1/8/2022', 12.44);
insert into equipamentos (id_equipamento, nome_equipamento, descrição, data_acsicao, vida_util) values (33, 'glove', 'Mouse', '10/15/2010', 1.51);
insert into equipamentos (id_equipamento, nome_equipamento, descrição, data_acsicao, vida_util) values (24, 'bat', 'Mouse', '7/20/2017', 12.14);
insert into equipamentos (id_equipamento, nome_equipamento, descrição, data_acsicao, vida_util) values (44, 'helmet', 'Mouse', '8/12/2009', 2.19);
insert into equipamentos (id_equipamento, nome_equipamento, descrição, data_acsicao, vida_util) values (64, 'cleats', 'Printer', '1/22/2012', 7.43);
insert into equipamentos (id_equipamento, nome_equipamento, descrição, data_acsicao, vida_util) values (17, 'glove', 'Tablet', '8/23/2014', 8.46);
insert into equipamentos (id_equipamento, nome_equipamento, descrição, data_acsicao, vida_util) values (47, 'bat', 'Tablet', '12/30/2003', 8.96);
insert into equipamentos (id_equipamento, nome_equipamento, descrição, data_acsicao, vida_util) values (70, 'jersey', 'Monitor', '10/5/2016', 2.72);
insert into equipamentos (id_equipamento, nome_equipamento, descrição, data_acsicao, vida_util) values (52, 'glove', 'Projector', '3/23/2009', 2.41);
insert into equipamentos (id_equipamento, nome_equipamento, descrição, data_acsicao, vida_util) values (19, 'jersey', 'Mouse', '5/11/2010', 4.38);
insert into equipamentos (id_equipamento, nome_equipamento, descrição, data_acsicao, vida_util) values (59, 'bat', 'Laptop', '2/23/2001', 5.62);
insert into equipamentos (id_equipamento, nome_equipamento, descrição, data_acsicao, vida_util) values (76, 'helmet', 'Projector', '7/5/2013', 8.88);
insert into equipamentos (id_equipamento, nome_equipamento, descrição, data_acsicao, vida_util) values (98, 'jersey', 'Mouse', '4/20/2014', 18.05);
insert into equipamentos (id_equipamento, nome_equipamento, descrição, data_acsicao, vida_util) values (15, 'jersey', 'Headphones', '6/16/2007', 17.69);
insert into equipamentos (id_equipamento, nome_equipamento, descrição, data_acsicao, vida_util) values (68, 'bat', 'Projector', '10/13/2019', 4.36);
insert into equipamentos (id_equipamento, nome_equipamento, descrição, data_acsicao, vida_util) values (72, 'glove', 'Laptop', '12/19/2015', 10.55);
insert into equipamentos (id_equipamento, nome_equipamento, descrição, data_acsicao, vida_util) values (15, 'cleats', 'Projector', '5/22/2006', 11.08);
insert into equipamentos (id_equipamento, nome_equipamento, descrição, data_acsicao, vida_util) values (89, 'bat', 'Mouse', '5/25/2018', 1.6);
insert into equipamentos (id_equipamento, nome_equipamento, descrição, data_acsicao, vida_util) values (56, 'helmet', 'Keyboard', '4/3/2017', 2.5);
insert into equipamentos (id_equipamento, nome_equipamento, descrição, data_acsicao, vida_util) values (71, 'cleats', 'Monitor', '7/31/2009', 8.91);
insert into equipamentos (id_equipamento, nome_equipamento, descrição, data_acsicao, vida_util) values (54, 'jersey', 'Headphones', '9/16/2014', 11.31);
insert into equipamentos (id_equipamento, nome_equipamento, descrição, data_acsicao, vida_util) values (30, 'jersey', 'Keyboard', '12/18/2000', 12.67);
insert into equipamentos (id_equipamento, nome_equipamento, descrição, data_acsicao, vida_util) values (18, 'jersey', 'Laptop', '8/7/2011', 14.14);
insert into equipamentos (id_equipamento, nome_equipamento, descrição, data_acsicao, vida_util) values (93, 'cleats', 'Headphones', '2/22/2009', 1.26);
insert into equipamentos (id_equipamento, nome_equipamento, descrição, data_acsicao, vida_util) values (89, 'cleats', 'Smartphone', '12/16/2008', 17.13);
insert into equipamentos (id_equipamento, nome_equipamento, descrição, data_acsicao, vida_util) values (63, 'jersey', 'Printer', '4/9/2014', 6.24);
insert into equipamentos (id_equipamento, nome_equipamento, descrição, data_acsicao, vida_util) values (41, 'jersey', 'Scanner', '4/15/2015', 1.45);
insert into equipamentos (id_equipamento, nome_equipamento, descrição, data_acsicao, vida_util) values (16, 'cleats', 'Tablet', '9/19/2009', 14.05);
insert into equipamentos (id_equipamento, nome_equipamento, descrição, data_acsicao, vida_util) values (95, 'jersey', 'Scanner', '11/29/2018', 17.99);
insert into equipamentos (id_equipamento, nome_equipamento, descrição, data_acsicao, vida_util) values (8, 'helmet', 'Laptop', '6/30/2017', 2.25);
insert into equipamentos (id_equipamento, nome_equipamento, descrição, data_acsicao, vida_util) values (24, 'cleats', 'Headphones', '11/26/2012', 12.84);
insert into equipamentos (id_equipamento, nome_equipamento, descrição, data_acsicao, vida_util) values (76, 'bat', 'Projector', '5/16/2003', 16.51);
insert into equipamentos (id_equipamento, nome_equipamento, descrição, data_acsicao, vida_util) values (37, 'glove', 'Tablet', '4/11/2011', 3.84);
insert into equipamentos (id_equipamento, nome_equipamento, descrição, data_acsicao, vida_util) values (56, 'helmet', 'Scanner', '9/18/2011', 5.22);
insert into equipamentos (id_equipamento, nome_equipamento, descrição, data_acsicao, vida_util) values (60, 'glove', 'Printer', '1/10/2000', 1.09);
insert into equipamentos (id_equipamento, nome_equipamento, descrição, data_acsicao, vida_util) values (32, 'cleats', 'Scanner', '11/27/2021', 6.68);
insert into equipamentos (id_equipamento, nome_equipamento, descrição, data_acsicao, vida_util) values (3, 'glove', 'Smartphone', '5/4/2004', 4.12);
insert into equipamentos (id_equipamento, nome_equipamento, descrição, data_acsicao, vida_util) values (24, 'glove', 'Mouse', '3/24/2015', 10.62);
insert into equipamentos (id_equipamento, nome_equipamento, descrição, data_acsicao, vida_util) values (26, 'bat', 'Headphones', '11/26/2011', 14.78);
insert into equipamentos (id_equipamento, nome_equipamento, descrição, data_acsicao, vida_util) values (80, 'glove', 'Printer', '8/1/2013', 5.61);
insert into equipamentos (id_equipamento, nome_equipamento, descrição, data_acsicao, vida_util) values (2, 'cleats', 'Printer', '3/16/2019', 12.17);
insert into equipamentos (id_equipamento, nome_equipamento, descrição, data_acsicao, vida_util) values (38, 'jersey', 'Scanner', '7/21/2019', 18.69);
insert into equipamentos (id_equipamento, nome_equipamento, descrição, data_acsicao, vida_util) values (74, 'cleats', 'Tablet', '12/29/2015', 10.99);
insert into equipamentos (id_equipamento, nome_equipamento, descrição, data_acsicao, vida_util) values (28, 'cleats', 'Printer', '3/3/2017', 1.65);
insert into equipamentos (id_equipamento, nome_equipamento, descrição, data_acsicao, vida_util) values (56, 'cleats', 'Mouse', '3/1/2010', 17.86);
insert into equipamentos (id_equipamento, nome_equipamento, descrição, data_acsicao, vida_util) values (1, 'bat', 'Mouse', '6/29/2006', 7.36);
insert into equipamentos (id_equipamento, nome_equipamento, descrição, data_acsicao, vida_util) values (29, 'cleats', 'Headphones', '7/28/2009', 8.32);
insert into equipamentos (id_equipamento, nome_equipamento, descrição, data_acsicao, vida_util) values (19, 'helmet', 'Keyboard', '1/21/2013', 6.64);
insert into equipamentos (id_equipamento, nome_equipamento, descrição, data_acsicao, vida_util) values (36, 'helmet', 'Headphones', '7/18/2000', 17.44);
insert into equipamentos (id_equipamento, nome_equipamento, descrição, data_acsicao, vida_util) values (42, 'helmet', 'Keyboard', '6/23/2018', 4.62);
insert into equipamentos (id_equipamento, nome_equipamento, descrição, data_acsicao, vida_util) values (18, 'helmet', 'Tablet', '7/6/2018', 14.04);
insert into equipamentos (id_equipamento, nome_equipamento, descrição, data_acsicao, vida_util) values (12, 'helmet', 'Projector', '5/11/2003', 17.16);
insert into equipamentos (id_equipamento, nome_equipamento, descrição, data_acsicao, vida_util) values (29, 'jersey', 'Monitor', '11/7/2001', 15.08);
insert into equipamentos (id_equipamento, nome_equipamento, descrição, data_acsicao, vida_util) values (27, 'glove', 'Laptop', '5/10/2005', 9.23);
insert into equipamentos (id_equipamento, nome_equipamento, descrição, data_acsicao, vida_util) values (25, 'cleats', 'Keyboard', '6/28/2008', 4.27);
insert into equipamentos (id_equipamento, nome_equipamento, descrição, data_acsicao, vida_util) values (46, 'jersey', 'Projector', '11/19/2002', 13.14);
insert into equipamentos (id_equipamento, nome_equipamento, descrição, data_acsicao, vida_util) values (83, 'cleats', 'Keyboard', '7/13/2000', 6.03);
insert into equipamentos (id_equipamento, nome_equipamento, descrição, data_acsicao, vida_util) values (31, 'bat', 'Printer', '2/6/2009', 11.11);
insert into equipamentos (id_equipamento, nome_equipamento, descrição, data_acsicao, vida_util) values (92, 'jersey', 'Smartphone', '6/22/2006', 14.03);
insert into equipamentos (id_equipamento, nome_equipamento, descrição, data_acsicao, vida_util) values (73, 'bat', 'Printer', '3/23/2018', 7.55);

insert into manu_programada (id_manutencao, fk_equipamento, descrição, data_programda, resp_manu, status) values (12, 94, 'Smartphone', '11/29/2006', 'Ana', 'cancelled');
insert into manu_programada (id_manutencao, fk_equipamento, descrição, data_programda, resp_manu, status) values (51, 23, 'Printer', '2/10/2009', 'Maria', 'completed');
insert into manu_programada (id_manutencao, fk_equipamento, descrição, data_programda, resp_manu, status) values (43, 35, 'Mouse', '8/11/2013', 'Ana', 'scheduled');
insert into manu_programada (id_manutencao, fk_equipamento, descrição, data_programda, resp_manu, status) values (26, 52, 'Keyboard', '9/25/2003', 'Maria', 'cancelled');
insert into manu_programada (id_manutencao, fk_equipamento, descrição, data_programda, resp_manu, status) values (6, 96, 'Smartphone', '10/9/2015', 'Carlos', 'completed');
insert into manu_programada (id_manutencao, fk_equipamento, descrição, data_programda, resp_manu, status) values (94, 21, 'Smartphone', '8/10/2015', 'João', 'completed');
insert into manu_programada (id_manutencao, fk_equipamento, descrição, data_programda, resp_manu, status) values (59, 36, 'Scanner', '3/24/2005', 'Pedro', 'scheduled');
insert into manu_programada (id_manutencao, fk_equipamento, descrição, data_programda, resp_manu, status) values (40, 2, 'Projector', '1/7/2012', 'Maria', 'scheduled');
insert into manu_programada (id_manutencao, fk_equipamento, descrição, data_programda, resp_manu, status) values (100, 100, 'Smartphone', '12/25/2019', 'Pedro', 'scheduled');
insert into manu_programada (id_manutencao, fk_equipamento, descrição, data_programda, resp_manu, status) values (27, 8, 'Printer', '11/29/2005', 'Maria', 'cancelled');
insert into manu_programada (id_manutencao, fk_equipamento, descrição, data_programda, resp_manu, status) values (47, 80, 'Headphones', '5/17/2002', 'Ana', 'scheduled');
insert into manu_programada (id_manutencao, fk_equipamento, descrição, data_programda, resp_manu, status) values (27, 91, 'Mouse', '1/8/2016', 'Maria', 'scheduled');
insert into manu_programada (id_manutencao, fk_equipamento, descrição, data_programda, resp_manu, status) values (64, 63, 'Smartphone', '7/28/2006', 'Maria', 'cancelled');
insert into manu_programada (id_manutencao, fk_equipamento, descrição, data_programda, resp_manu, status) values (7, 67, 'Tablet', '10/11/2021', 'Pedro', 'cancelled');
insert into manu_programada (id_manutencao, fk_equipamento, descrição, data_programda, resp_manu, status) values (81, 82, 'Laptop', '8/28/2018', 'João', 'cancelled');
insert into manu_programada (id_manutencao, fk_equipamento, descrição, data_programda, resp_manu, status) values (18, 59, 'Keyboard', '1/3/2001', 'Carlos', 'in progress');
insert into manu_programada (id_manutencao, fk_equipamento, descrição, data_programda, resp_manu, status) values (67, 48, 'Projector', '6/9/2007', 'Maria', 'completed');
insert into manu_programada (id_manutencao, fk_equipamento, descrição, data_programda, resp_manu, status) values (99, 3, 'Tablet', '12/20/2016', 'Carlos', 'cancelled');
insert into manu_programada (id_manutencao, fk_equipamento, descrição, data_programda, resp_manu, status) values (39, 22, 'Headphones', '11/20/2015', 'Maria', 'cancelled');
insert into manu_programada (id_manutencao, fk_equipamento, descrição, data_programda, resp_manu, status) values (47, 42, 'Monitor', '12/11/2021', 'Pedro', 'in progress');
insert into manu_programada (id_manutencao, fk_equipamento, descrição, data_programda, resp_manu, status) values (63, 25, 'Smartphone', '8/26/2009', 'Ana', 'scheduled');
insert into manu_programada (id_manutencao, fk_equipamento, descrição, data_programda, resp_manu, status) values (50, 41, 'Printer', '1/20/2019', 'Carlos', 'in progress');
insert into manu_programada (id_manutencao, fk_equipamento, descrição, data_programda, resp_manu, status) values (64, 66, 'Keyboard', '3/5/2006', 'Pedro', 'cancelled');
insert into manu_programada (id_manutencao, fk_equipamento, descrição, data_programda, resp_manu, status) values (52, 67, 'Mouse', '5/5/2020', 'Ana', 'scheduled');
insert into manu_programada (id_manutencao, fk_equipamento, descrição, data_programda, resp_manu, status) values (48, 28, 'Monitor', '9/15/2006', 'Pedro', 'cancelled');
insert into manu_programada (id_manutencao, fk_equipamento, descrição, data_programda, resp_manu, status) values (33, 83, 'Tablet', '1/29/2009', 'João', 'cancelled');
insert into manu_programada (id_manutencao, fk_equipamento, descrição, data_programda, resp_manu, status) values (17, 58, 'Headphones', '2/6/2016', 'Carlos', 'scheduled');
insert into manu_programada (id_manutencao, fk_equipamento, descrição, data_programda, resp_manu, status) values (73, 3, 'Printer', '3/19/2012', 'Pedro', 'cancelled');
insert into manu_programada (id_manutencao, fk_equipamento, descrição, data_programda, resp_manu, status) values (73, 41, 'Monitor', '1/4/2007', 'João', 'cancelled');
insert into manu_programada (id_manutencao, fk_equipamento, descrição, data_programda, resp_manu, status) values (86, 64, 'Smartphone', '6/13/2011', 'João', 'completed');
insert into manu_programada (id_manutencao, fk_equipamento, descrição, data_programda, resp_manu, status) values (11, 29, 'Tablet', '12/7/2007', 'João', 'scheduled');
insert into manu_programada (id_manutencao, fk_equipamento, descrição, data_programda, resp_manu, status) values (76, 20, 'Keyboard', '3/26/2022', 'João', 'in progress');
insert into manu_programada (id_manutencao, fk_equipamento, descrição, data_programda, resp_manu, status) values (64, 29, 'Scanner', '8/19/2020', 'João', 'scheduled');
insert into manu_programada (id_manutencao, fk_equipamento, descrição, data_programda, resp_manu, status) values (96, 38, 'Laptop', '9/29/2015', 'Ana', 'cancelled');
insert into manu_programada (id_manutencao, fk_equipamento, descrição, data_programda, resp_manu, status) values (64, 100, 'Laptop', '10/29/2005', 'Maria', 'cancelled');
insert into manu_programada (id_manutencao, fk_equipamento, descrição, data_programda, resp_manu, status) values (60, 27, 'Mouse', '4/27/2010', 'Ana', 'cancelled');
insert into manu_programada (id_manutencao, fk_equipamento, descrição, data_programda, resp_manu, status) values (53, 76, 'Tablet', '7/8/2003', 'João', 'scheduled');
insert into manu_programada (id_manutencao, fk_equipamento, descrição, data_programda, resp_manu, status) values (39, 31, 'Headphones', '12/30/2002', 'Ana', 'in progress');
insert into manu_programada (id_manutencao, fk_equipamento, descrição, data_programda, resp_manu, status) values (99, 17, 'Monitor', '8/7/2011', 'João', 'cancelled');
insert into manu_programada (id_manutencao, fk_equipamento, descrição, data_programda, resp_manu, status) values (19, 82, 'Keyboard', '8/22/2016', 'Ana', 'in progress');
insert into manu_programada (id_manutencao, fk_equipamento, descrição, data_programda, resp_manu, status) values (73, 10, 'Keyboard', '6/27/2002', 'Pedro', 'cancelled');
insert into manu_programada (id_manutencao, fk_equipamento, descrição, data_programda, resp_manu, status) values (61, 54, 'Projector', '4/18/2022', 'João', 'in progress');
insert into manu_programada (id_manutencao, fk_equipamento, descrição, data_programda, resp_manu, status) values (3, 85, 'Scanner', '6/24/2006', 'Carlos', 'completed');
insert into manu_programada (id_manutencao, fk_equipamento, descrição, data_programda, resp_manu, status) values (65, 20, 'Scanner', '6/11/2017', 'Pedro', 'completed');
insert into manu_programada (id_manutencao, fk_equipamento, descrição, data_programda, resp_manu, status) values (6, 12, 'Smartphone', '10/18/2008', 'João', 'cancelled');
insert into manu_programada (id_manutencao, fk_equipamento, descrição, data_programda, resp_manu, status) values (8, 96, 'Scanner', '11/12/2012', 'Ana', 'cancelled');
insert into manu_programada (id_manutencao, fk_equipamento, descrição, data_programda, resp_manu, status) values (94, 32, 'Projector', '2/19/2016', 'Ana', 'completed');
insert into manu_programada (id_manutencao, fk_equipamento, descrição, data_programda, resp_manu, status) values (87, 7, 'Projector', '9/5/2009', 'Carlos', 'cancelled');
insert into manu_programada (id_manutencao, fk_equipamento, descrição, data_programda, resp_manu, status) values (29, 73, 'Mouse', '11/9/2003', 'Carlos', 'in progress');
insert into manu_programada (id_manutencao, fk_equipamento, descrição, data_programda, resp_manu, status) values (3, 44, 'Keyboard', '5/29/2001', 'João', 'in progress');
insert into manu_programada (id_manutencao, fk_equipamento, descrição, data_programda, resp_manu, status) values (86, 83, 'Smartphone', '4/9/2003', 'Pedro', 'scheduled');
insert into manu_programada (id_manutencao, fk_equipamento, descrição, data_programda, resp_manu, status) values (96, 15, 'Keyboard', '7/28/2014', 'Maria', 'cancelled');
insert into manu_programada (id_manutencao, fk_equipamento, descrição, data_programda, resp_manu, status) values (58, 0, 'Headphones', '5/24/2014', 'Maria', 'in progress');
insert into manu_programada (id_manutencao, fk_equipamento, descrição, data_programda, resp_manu, status) values (92, 61, 'Keyboard', '3/29/2014', 'João', 'scheduled');
insert into manu_programada (id_manutencao, fk_equipamento, descrição, data_programda, resp_manu, status) values (45, 12, 'Headphones', '12/30/2006', 'Carlos', 'in progress');
insert into manu_programada (id_manutencao, fk_equipamento, descrição, data_programda, resp_manu, status) values (48, 29, 'Mouse', '3/3/2003', 'Maria', 'scheduled');
insert into manu_programada (id_manutencao, fk_equipamento, descrição, data_programda, resp_manu, status) values (14, 23, 'Scanner', '3/23/2013', 'João', 'in progress');
insert into manu_programada (id_manutencao, fk_equipamento, descrição, data_programda, resp_manu, status) values (92, 52, 'Monitor', '8/27/2017', 'Carlos', 'cancelled');
insert into manu_programada (id_manutencao, fk_equipamento, descrição, data_programda, resp_manu, status) values (84, 100, 'Smartphone', '8/4/2019', 'João', 'cancelled');
insert into manu_programada (id_manutencao, fk_equipamento, descrição, data_programda, resp_manu, status) values (2, 33, 'Monitor', '10/15/2015', 'João', 'cancelled');

insert into historico_manu (id_manutencao, fk_equipamento, tipo_de_manu, data_da_manu, custo_manutencao, status) values (1, 50, 'planned', '9/21/2007', 9.71, 'cancelled');
insert into historico_manu (id_manutencao, fk_equipamento, tipo_de_manu, data_da_manu, custo_manutencao, status) values (87, 78, 'routine', '12/28/2015', 759.13, 'in progress');
insert into historico_manu (id_manutencao, fk_equipamento, tipo_de_manu, data_da_manu, custo_manutencao, status) values (89, 77, 'preventive', '1/24/2002', 262.17, 'cancelled');
insert into historico_manu (id_manutencao, fk_equipamento, tipo_de_manu, data_da_manu, custo_manutencao, status) values (45, 88, 'preventive', '1/1/2016', 88.89, 'scheduled');
insert into historico_manu (id_manutencao, fk_equipamento, tipo_de_manu, data_da_manu, custo_manutencao, status) values (33, 32, 'breakdown', '2/4/2004', 777.77, 'cancelled');
insert into historico_manu (id_manutencao, fk_equipamento, tipo_de_manu, data_da_manu, custo_manutencao, status) values (49, 81, 'preventive', '9/19/2011', 40.19, 'cancelled');
insert into historico_manu (id_manutencao, fk_equipamento, tipo_de_manu, data_da_manu, custo_manutencao, status) values (95, 40, 'planned', '11/26/2002', 81.17, 'cancelled');
insert into historico_manu (id_manutencao, fk_equipamento, tipo_de_manu, data_da_manu, custo_manutencao, status) values (4, 44, 'predictive', '3/10/2008', 977.67, 'in progress');
insert into historico_manu (id_manutencao, fk_equipamento, tipo_de_manu, data_da_manu, custo_manutencao, status) values (90, 1, 'scheduled', '1/15/2018', 451.71, 'in progress');
insert into historico_manu (id_manutencao, fk_equipamento, tipo_de_manu, data_da_manu, custo_manutencao, status) values (40, 35, 'breakdown', '4/19/2015', 96.15, 'cancelled');
insert into historico_manu (id_manutencao, fk_equipamento, tipo_de_manu, data_da_manu, custo_manutencao, status) values (50, 34, 'planned', '1/5/2004', 398.46, 'cancelled');
insert into historico_manu (id_manutencao, fk_equipamento, tipo_de_manu, data_da_manu, custo_manutencao, status) values (18, 65, 'predictive', '1/26/2008', 295.73, 'cancelled');
insert into historico_manu (id_manutencao, fk_equipamento, tipo_de_manu, data_da_manu, custo_manutencao, status) values (95, 29, 'planned', '12/3/2020', 542.35, 'scheduled');
insert into historico_manu (id_manutencao, fk_equipamento, tipo_de_manu, data_da_manu, custo_manutencao, status) values (90, 54, 'periodic', '1/11/2009', 200.24, 'completed');
insert into historico_manu (id_manutencao, fk_equipamento, tipo_de_manu, data_da_manu, custo_manutencao, status) values (92, 47, 'preventive', '1/19/2001', 94.3, 'in progress');
insert into historico_manu (id_manutencao, fk_equipamento, tipo_de_manu, data_da_manu, custo_manutencao, status) values (98, 36, 'predictive', '8/27/2014', 400.49, 'scheduled');
insert into historico_manu (id_manutencao, fk_equipamento, tipo_de_manu, data_da_manu, custo_manutencao, status) values (42, 84, 'breakdown', '2/25/2014', 714.5, 'scheduled');
insert into historico_manu (id_manutencao, fk_equipamento, tipo_de_manu, data_da_manu, custo_manutencao, status) values (44, 86, 'scheduled', '11/3/2005', 408.1, 'in progress');
insert into historico_manu (id_manutencao, fk_equipamento, tipo_de_manu, data_da_manu, custo_manutencao, status) values (27, 96, 'proactive', '2/18/2019', 281.79, 'cancelled');
insert into historico_manu (id_manutencao, fk_equipamento, tipo_de_manu, data_da_manu, custo_manutencao, status) values (12, 78, 'corrective', '1/27/2022', 329.37, 'scheduled');
insert into historico_manu (id_manutencao, fk_equipamento, tipo_de_manu, data_da_manu, custo_manutencao, status) values (95, 60, 'emergency', '12/30/2008', 933.38, 'scheduled');
insert into historico_manu (id_manutencao, fk_equipamento, tipo_de_manu, data_da_manu, custo_manutencao, status) values (13, 46, 'predictive', '7/20/2020', 907.73, 'completed');
insert into historico_manu (id_manutencao, fk_equipamento, tipo_de_manu, data_da_manu, custo_manutencao, status) values (94, 29, 'proactive', '1/21/2007', 459.98, 'cancelled');
insert into historico_manu (id_manutencao, fk_equipamento, tipo_de_manu, data_da_manu, custo_manutencao, status) values (37, 54, 'corrective', '7/31/2007', 530.85, 'completed');
insert into historico_manu (id_manutencao, fk_equipamento, tipo_de_manu, data_da_manu, custo_manutencao, status) values (68, 2, 'planned', '9/2/2004', 57.94, 'completed');
insert into historico_manu (id_manutencao, fk_equipamento, tipo_de_manu, data_da_manu, custo_manutencao, status) values (16, 53, 'emergency', '1/8/2012', 67.1, 'in progress');
insert into historico_manu (id_manutencao, fk_equipamento, tipo_de_manu, data_da_manu, custo_manutencao, status) values (46, 85, 'breakdown', '5/10/2021', 733.5, 'in progress');
insert into historico_manu (id_manutencao, fk_equipamento, tipo_de_manu, data_da_manu, custo_manutencao, status) values (42, 44, 'planned', '12/15/2013', 710.45, 'completed');
insert into historico_manu (id_manutencao, fk_equipamento, tipo_de_manu, data_da_manu, custo_manutencao, status) values (44, 30, 'corrective', '6/5/2009', 953.12, 'in progress');
insert into historico_manu (id_manutencao, fk_equipamento, tipo_de_manu, data_da_manu, custo_manutencao, status) values (10, 67, 'proactive', '5/9/2014', 163.25, 'cancelled');
insert into historico_manu (id_manutencao, fk_equipamento, tipo_de_manu, data_da_manu, custo_manutencao, status) values (26, 77, 'routine', '5/11/2019', 57.77, 'scheduled');
insert into historico_manu (id_manutencao, fk_equipamento, tipo_de_manu, data_da_manu, custo_manutencao, status) values (41, 81, 'periodic', '8/30/2021', 433.81, 'cancelled');
insert into historico_manu (id_manutencao, fk_equipamento, tipo_de_manu, data_da_manu, custo_manutencao, status) values (60, 15, 'planned', '11/1/2015', 424.37, 'scheduled');
insert into historico_manu (id_manutencao, fk_equipamento, tipo_de_manu, data_da_manu, custo_manutencao, status) values (29, 59, 'proactive', '9/19/2012', 171.88, 'scheduled');
insert into historico_manu (id_manutencao, fk_equipamento, tipo_de_manu, data_da_manu, custo_manutencao, status) values (19, 49, 'routine', '6/27/2010', 156.41, 'completed');
insert into historico_manu (id_manutencao, fk_equipamento, tipo_de_manu, data_da_manu, custo_manutencao, status) values (70, 80, 'breakdown', '6/17/2012', 58.01, 'in progress');
insert into historico_manu (id_manutencao, fk_equipamento, tipo_de_manu, data_da_manu, custo_manutencao, status) values (52, 83, 'proactive', '8/1/2005', 63.39, 'in progress');
insert into historico_manu (id_manutencao, fk_equipamento, tipo_de_manu, data_da_manu, custo_manutencao, status) values (73, 81, 'corrective', '12/15/2017', 421.23, 'completed');
insert into historico_manu (id_manutencao, fk_equipamento, tipo_de_manu, data_da_manu, custo_manutencao, status) values (52, 55, 'predictive', '7/31/2013', 673.12, 'completed');
insert into historico_manu (id_manutencao, fk_equipamento, tipo_de_manu, data_da_manu, custo_manutencao, status) values (88, 61, 'preventive', '10/4/2016', 48.49, 'in progress');
insert into historico_manu (id_manutencao, fk_equipamento, tipo_de_manu, data_da_manu, custo_manutencao, status) values (83, 76, 'predictive', '12/3/2021', 595.87, 'completed');
insert into historico_manu (id_manutencao, fk_equipamento, tipo_de_manu, data_da_manu, custo_manutencao, status) values (23, 66, 'predictive', '3/5/2003', 644.7, 'completed');
insert into historico_manu (id_manutencao, fk_equipamento, tipo_de_manu, data_da_manu, custo_manutencao, status) values (26, 15, 'scheduled', '8/2/2020', 900.6, 'in progress');
insert into historico_manu (id_manutencao, fk_equipamento, tipo_de_manu, data_da_manu, custo_manutencao, status) values (14, 5, 'proactive', '1/14/2020', 122.87, 'in progress');
insert into historico_manu (id_manutencao, fk_equipamento, tipo_de_manu, data_da_manu, custo_manutencao, status) values (11, 80, 'scheduled', '4/15/2005', 347.23, 'scheduled');
insert into historico_manu (id_manutencao, fk_equipamento, tipo_de_manu, data_da_manu, custo_manutencao, status) values (13, 45, 'planned', '5/17/2002', 265.1, 'in progress');
insert into historico_manu (id_manutencao, fk_equipamento, tipo_de_manu, data_da_manu, custo_manutencao, status) values (5, 34, 'scheduled', '10/25/2006', 599.73, 'scheduled');
insert into historico_manu (id_manutencao, fk_equipamento, tipo_de_manu, data_da_manu, custo_manutencao, status) values (92, 27, 'corrective', '5/25/2020', 86.7, 'cancelled');
insert into historico_manu (id_manutencao, fk_equipamento, tipo_de_manu, data_da_manu, custo_manutencao, status) values (57, 75, 'planned', '12/4/2022', 831.5, 'cancelled');
insert into historico_manu (id_manutencao, fk_equipamento, tipo_de_manu, data_da_manu, custo_manutencao, status) values (9, 0, 'proactive', '8/16/2017', 972.37, 'in progress');
insert into historico_manu (id_manutencao, fk_equipamento, tipo_de_manu, data_da_manu, custo_manutencao, status) values (79, 65, 'corrective', '4/11/2008', 852.57, 'in progress');
insert into historico_manu (id_manutencao, fk_equipamento, tipo_de_manu, data_da_manu, custo_manutencao, status) values (50, 80, 'planned', '12/15/2022', 999.16, 'scheduled');
insert into historico_manu (id_manutencao, fk_equipamento, tipo_de_manu, data_da_manu, custo_manutencao, status) values (20, 43, 'planned', '9/20/2014', 701.48, 'cancelled');
insert into historico_manu (id_manutencao, fk_equipamento, tipo_de_manu, data_da_manu, custo_manutencao, status) values (97, 80, 'proactive', '7/19/2016', 651.99, 'scheduled');
insert into historico_manu (id_manutencao, fk_equipamento, tipo_de_manu, data_da_manu, custo_manutencao, status) values (79, 42, 'predictive', '5/19/2002', 959.59, 'in progress');
insert into historico_manu (id_manutencao, fk_equipamento, tipo_de_manu, data_da_manu, custo_manutencao, status) values (73, 35, 'breakdown', '4/30/2010', 125.82, 'scheduled');
insert into historico_manu (id_manutencao, fk_equipamento, tipo_de_manu, data_da_manu, custo_manutencao, status) values (87, 51, 'planned', '6/9/2011', 566.51, 'completed');
insert into historico_manu (id_manutencao, fk_equipamento, tipo_de_manu, data_da_manu, custo_manutencao, status) values (42, 92, 'proactive', '12/25/2006', 770.7, 'scheduled');
insert into historico_manu (id_manutencao, fk_equipamento, tipo_de_manu, data_da_manu, custo_manutencao, status) values (26, 69, 'preventive', '6/20/2016', 308.83, 'scheduled');
insert into historico_manu (id_manutencao, fk_equipamento, tipo_de_manu, data_da_manu, custo_manutencao, status) values (94, 74, 'proactive', '10/30/2006', 942.41, 'in progress');
insert into historico_manu (id_manutencao, fk_equipamento, tipo_de_manu, data_da_manu, custo_manutencao, status) values (88, 79, 'emergency', '9/23/2019', 795.36, 'completed');
insert into historico_manu (id_manutencao, fk_equipamento, tipo_de_manu, data_da_manu, custo_manutencao, status) values (25, 9, 'breakdown', '5/3/2015', 772.29, 'cancelled');
insert into historico_manu (id_manutencao, fk_equipamento, tipo_de_manu, data_da_manu, custo_manutencao, status) values (56, 75, 'corrective', '3/23/2015', 315.63, 'cancelled');
insert into historico_manu (id_manutencao, fk_equipamento, tipo_de_manu, data_da_manu, custo_manutencao, status) values (40, 29, 'periodic', '8/24/2014', 392.38, 'completed');
insert into historico_manu (id_manutencao, fk_equipamento, tipo_de_manu, data_da_manu, custo_manutencao, status) values (54, 5, 'planned', '5/24/2010', 244.75, 'completed');
insert into historico_manu (id_manutencao, fk_equipamento, tipo_de_manu, data_da_manu, custo_manutencao, status) values (71, 39, 'planned', '8/3/2015', 932.74, 'cancelled');
insert into historico_manu (id_manutencao, fk_equipamento, tipo_de_manu, data_da_manu, custo_manutencao, status) values (3, 24, 'breakdown', '5/25/2008', 585.47, 'in progress');
insert into historico_manu (id_manutencao, fk_equipamento, tipo_de_manu, data_da_manu, custo_manutencao, status) values (60, 17, 'breakdown', '1/15/2008', 336.2, 'in progress');
insert into historico_manu (id_manutencao, fk_equipamento, tipo_de_manu, data_da_manu, custo_manutencao, status) values (80, 93, 'preventive', '7/17/2020', 639.28, 'in progress');
insert into historico_manu (id_manutencao, fk_equipamento, tipo_de_manu, data_da_manu, custo_manutencao, status) values (54, 46, 'breakdown', '9/2/2003', 495.29, 'scheduled');
insert into historico_manu (id_manutencao, fk_equipamento, tipo_de_manu, data_da_manu, custo_manutencao, status) values (37, 47, 'preventive', '2/25/2020', 216.73, 'in progress');
insert into historico_manu (id_manutencao, fk_equipamento, tipo_de_manu, data_da_manu, custo_manutencao, status) values (29, 70, 'predictive', '10/14/2022', 3.41, 'completed');
insert into historico_manu (id_manutencao, fk_equipamento, tipo_de_manu, data_da_manu, custo_manutencao, status) values (73, 75, 'emergency', '6/15/2008', 573.32, 'completed');
insert into historico_manu (id_manutencao, fk_equipamento, tipo_de_manu, data_da_manu, custo_manutencao, status) values (87, 42, 'emergency', '10/20/2022', 451.04, 'completed');
insert into historico_manu (id_manutencao, fk_equipamento, tipo_de_manu, data_da_manu, custo_manutencao, status) values (90, 57, 'emergency', '5/23/2001', 64.35, 'in progress');
insert into historico_manu (id_manutencao, fk_equipamento, tipo_de_manu, data_da_manu, custo_manutencao, status) values (78, 89, 'breakdown', '2/12/2022', 94.79, 'cancelled');
insert into historico_manu (id_manutencao, fk_equipamento, tipo_de_manu, data_da_manu, custo_manutencao, status) values (35, 51, 'corrective', '9/4/2019', 188.65, 'completed');
insert into historico_manu (id_manutencao, fk_equipamento, tipo_de_manu, data_da_manu, custo_manutencao, status) values (71, 33, 'predictive', '5/29/2019', 966.89, 'in progress');
insert into historico_manu (id_manutencao, fk_equipamento, tipo_de_manu, data_da_manu, custo_manutencao, status) values (87, 23, 'proactive', '3/12/2017', 73.1, 'cancelled');
insert into historico_manu (id_manutencao, fk_equipamento, tipo_de_manu, data_da_manu, custo_manutencao, status) values (86, 100, 'emergency', '4/14/2012', 929.48, 'scheduled');
insert into historico_manu (id_manutencao, fk_equipamento, tipo_de_manu, data_da_manu, custo_manutencao, status) values (26, 69, 'proactive', '1/7/2021', 400.88, 'scheduled');
insert into historico_manu (id_manutencao, fk_equipamento, tipo_de_manu, data_da_manu, custo_manutencao, status) values (78, 4, 'preventive', '10/29/2017', 700.99, 'completed');
insert into historico_manu (id_manutencao, fk_equipamento, tipo_de_manu, data_da_manu, custo_manutencao, status) values (99, 95, 'predictive', '9/21/2011', 123.32, 'in progress');
insert into historico_manu (id_manutencao, fk_equipamento, tipo_de_manu, data_da_manu, custo_manutencao, status) values (32, 89, 'corrective', '4/2/2010', 410.83, 'cancelled');
insert into historico_manu (id_manutencao, fk_equipamento, tipo_de_manu, data_da_manu, custo_manutencao, status) values (62, 38, 'periodic', '10/7/2022', 14.47, 'completed');
insert into historico_manu (id_manutencao, fk_equipamento, tipo_de_manu, data_da_manu, custo_manutencao, status) values (5, 97, 'proactive', '9/28/2005', 98.28, 'in progress');
insert into historico_manu (id_manutencao, fk_equipamento, tipo_de_manu, data_da_manu, custo_manutencao, status) values (76, 74, 'proactive', '12/1/2000', 747.59, 'cancelled');
insert into historico_manu (id_manutencao, fk_equipamento, tipo_de_manu, data_da_manu, custo_manutencao, status) values (89, 46, 'routine', '8/31/2011', 27.04, 'cancelled');
insert into historico_manu (id_manutencao, fk_equipamento, tipo_de_manu, data_da_manu, custo_manutencao, status) values (2, 68, 'predictive', '5/27/2006', 42.55, 'completed');
insert into historico_manu (id_manutencao, fk_equipamento, tipo_de_manu, data_da_manu, custo_manutencao, status) values (88, 57, 'planned', '6/30/2015', 763.71, 'in progress');
insert into historico_manu (id_manutencao, fk_equipamento, tipo_de_manu, data_da_manu, custo_manutencao, status) values (97, 39, 'emergency', '8/15/2007', 459.71, 'scheduled');
insert into historico_manu (id_manutencao, fk_equipamento, tipo_de_manu, data_da_manu, custo_manutencao, status) values (97, 47, 'proactive', '5/28/2013', 426.14, 'in progress');
insert into historico_manu (id_manutencao, fk_equipamento, tipo_de_manu, data_da_manu, custo_manutencao, status) values (10, 61, 'scheduled', '12/14/2004', 216.92, 'completed');
insert into historico_manu (id_manutencao, fk_equipamento, tipo_de_manu, data_da_manu, custo_manutencao, status) values (51, 84, 'corrective', '2/27/2005', 929.01, 'in progress');
insert into historico_manu (id_manutencao, fk_equipamento, tipo_de_manu, data_da_manu, custo_manutencao, status) values (100, 41, 'planned', '6/16/2011', 760.24, 'in progress');
insert into historico_manu (id_manutencao, fk_equipamento, tipo_de_manu, data_da_manu, custo_manutencao, status) values (64, 11, 'periodic', '11/24/2004', 341.73, 'in progress');
insert into historico_manu (id_manutencao, fk_equipamento, tipo_de_manu, data_da_manu, custo_manutencao, status) values (75, 57, 'periodic', '7/7/2009', 965.72, 'in progress');
insert into historico_manu (id_manutencao, fk_equipamento, tipo_de_manu, data_da_manu, custo_manutencao, status) values (60, 9, 'routine', '10/29/2018', 443.56, 'cancelled');
insert into historico_manu (id_manutencao, fk_equipamento, tipo_de_manu, data_da_manu, custo_manutencao, status) values (31, 54, 'routine', '5/11/2022', 710.57, 'completed');
insert into historico_manu (id_manutencao, fk_equipamento, tipo_de_manu, data_da_manu, custo_manutencao, status) values (55, 28, 'predictive', '3/4/2018', 540.78, 'in progress');


insert into inspecao (id_inspecao, fk_peca, data_inspecao, resultado_inspe, observacao) values (96, 91, '11/15/2010', 'Aprovado', 'Peça com pequeno defeito');
insert into inspecao (id_inspecao, fk_peca, data_inspecao, resultado_inspe, observacao) values (37, 23, '5/9/2010', 'Aprovado', 'Peça reprovada na inspeção');
insert into inspecao (id_inspecao, fk_peca, data_inspecao, resultado_inspe, observacao) values (77, 56, '1/20/2020', 'Aprovado', 'Peça em perfeito estado');
insert into inspecao (id_inspecao, fk_peca, data_inspecao, resultado_inspe, observacao) values (61, 52, '12/13/2020', 'Em análise', 'Peça com pequeno defeito');
insert into inspecao (id_inspecao, fk_peca, data_inspecao, resultado_inspe, observacao) values (79, 96, '7/23/2011', 'Reprovado', 'Peça com defeito grave');
insert into inspecao (id_inspecao, fk_peca, data_inspecao, resultado_inspe, observacao) values (34, 11, '5/12/2011', 'Aprovado', 'Peça reprovada na inspeção');
insert into inspecao (id_inspecao, fk_peca, data_inspecao, resultado_inspe, observacao) values (29, 54, '6/22/2019', 'Aprovado', 'Peça com defeito grave');
insert into inspecao (id_inspecao, fk_peca, data_inspecao, resultado_inspe, observacao) values (86, 3, '2/17/2010', 'Reprovado', 'Peça em perfeito estado');
insert into inspecao (id_inspecao, fk_peca, data_inspecao, resultado_inspe, observacao) values (67, 22, '1/9/2017', 'Em análise', 'Peça com defeito grave');
insert into inspecao (id_inspecao, fk_peca, data_inspecao, resultado_inspe, observacao) values (82, 30, '8/16/2022', 'Em análise', 'Peça com pequeno defeito');
insert into inspecao (id_inspecao, fk_peca, data_inspecao, resultado_inspe, observacao) values (15, 43, '6/21/2014', 'Aprovado', 'Peça reprovada na inspeção');
insert into inspecao (id_inspecao, fk_peca, data_inspecao, resultado_inspe, observacao) values (93, 99, '2/23/2014', 'Em análise', 'Peça em perfeito estado');
insert into inspecao (id_inspecao, fk_peca, data_inspecao, resultado_inspe, observacao) values (5, 12, '1/29/2022', 'Em análise', 'Peça com pequeno defeito');
insert into inspecao (id_inspecao, fk_peca, data_inspecao, resultado_inspe, observacao) values (88, 14, '3/18/2017', 'Aprovado', 'Peça com defeito grave');
insert into inspecao (id_inspecao, fk_peca, data_inspecao, resultado_inspe, observacao) values (48, 86, '5/20/2020', 'Aprovado', 'Peça com defeito grave');
insert into inspecao (id_inspecao, fk_peca, data_inspecao, resultado_inspe, observacao) values (58, 9, '4/30/2019', 'Em análise', 'Peça com defeito grave');
insert into inspecao (id_inspecao, fk_peca, data_inspecao, resultado_inspe, observacao) values (68, 26, '11/16/2019', 'Em análise', 'Peça com defeito grave');
insert into inspecao (id_inspecao, fk_peca, data_inspecao, resultado_inspe, observacao) values (28, 79, '5/23/2022', 'Reprovado', 'Peça em perfeito estado');
insert into inspecao (id_inspecao, fk_peca, data_inspecao, resultado_inspe, observacao) values (16, 62, '10/22/2011', 'Em análise', 'Peça em perfeito estado');
insert into inspecao (id_inspecao, fk_peca, data_inspecao, resultado_inspe, observacao) values (47, 72, '10/17/2015', 'Aprovado', 'Peça reprovada na inspeção');
insert into inspecao (id_inspecao, fk_peca, data_inspecao, resultado_inspe, observacao) values (48, 43, '4/18/2017', 'Reprovado', 'Peça reprovada na inspeção');
insert into inspecao (id_inspecao, fk_peca, data_inspecao, resultado_inspe, observacao) values (35, 13, '7/27/2022', 'Aprovado', 'Peça com defeito grave');
insert into inspecao (id_inspecao, fk_peca, data_inspecao, resultado_inspe, observacao) values (39, 58, '6/14/2014', 'Aprovado', 'Peça em perfeito estado');
insert into inspecao (id_inspecao, fk_peca, data_inspecao, resultado_inspe, observacao) values (95, 19, '11/2/2018', 'Reprovado', 'Peça com pequeno defeito');
insert into inspecao (id_inspecao, fk_peca, data_inspecao, resultado_inspe, observacao) values (70, 73, '9/2/2010', 'Aprovado', 'Peça em perfeito estado');
insert into inspecao (id_inspecao, fk_peca, data_inspecao, resultado_inspe, observacao) values (73, 22, '10/6/2018', 'Aprovado', 'Peça com pequeno defeito');
insert into inspecao (id_inspecao, fk_peca, data_inspecao, resultado_inspe, observacao) values (83, 7, '5/31/2010', 'Em análise', 'Peça em perfeito estado');
insert into inspecao (id_inspecao, fk_peca, data_inspecao, resultado_inspe, observacao) values (12, 81, '11/1/2018', 'Aprovado', 'Peça com defeito grave');
insert into inspecao (id_inspecao, fk_peca, data_inspecao, resultado_inspe, observacao) values (80, 21, '1/21/2011', 'Em análise', 'Peça com pequeno defeito');
insert into inspecao (id_inspecao, fk_peca, data_inspecao, resultado_inspe, observacao) values (94, 90, '3/21/2010', 'Aprovado', 'Peça reprovada na inspeção');
insert into inspecao (id_inspecao, fk_peca, data_inspecao, resultado_inspe, observacao) values (10, 45, '6/29/2010', 'Reprovado', 'Peça reprovada na inspeção');
insert into inspecao (id_inspecao, fk_peca, data_inspecao, resultado_inspe, observacao) values (82, 81, '1/9/2012', 'Em análise', 'Peça com pequeno defeito');
insert into inspecao (id_inspecao, fk_peca, data_inspecao, resultado_inspe, observacao) values (4, 85, '3/13/2021', 'Reprovado', 'Peça com defeito grave');
insert into inspecao (id_inspecao, fk_peca, data_inspecao, resultado_inspe, observacao) values (76, 21, '1/12/2015', 'Em análise', 'Peça com defeito grave');
insert into inspecao (id_inspecao, fk_peca, data_inspecao, resultado_inspe, observacao) values (63, 41, '4/12/2016', 'Em análise', 'Peça reprovada na inspeção');
insert into inspecao (id_inspecao, fk_peca, data_inspecao, resultado_inspe, observacao) values (38, 89, '7/9/2012', 'Aprovado', 'Peça com pequeno defeito');
insert into inspecao (id_inspecao, fk_peca, data_inspecao, resultado_inspe, observacao) values (62, 6, '5/28/2018', 'Em análise', 'Peça com defeito grave');
insert into inspecao (id_inspecao, fk_peca, data_inspecao, resultado_inspe, observacao) values (33, 98, '1/16/2015', 'Em análise', 'Peça com pequeno defeito');
insert into inspecao (id_inspecao, fk_peca, data_inspecao, resultado_inspe, observacao) values (58, 33, '2/16/2013', 'Em análise', 'Peça com defeito grave');
insert into inspecao (id_inspecao, fk_peca, data_inspecao, resultado_inspe, observacao) values (87, 51, '3/24/2016', 'Reprovado', 'Peça reprovada na inspeção');
insert into inspecao (id_inspecao, fk_peca, data_inspecao, resultado_inspe, observacao) values (83, 51, '2/4/2016', 'Reprovado', 'Peça reprovada na inspeção');
insert into inspecao (id_inspecao, fk_peca, data_inspecao, resultado_inspe, observacao) values (92, 36, '5/21/2018', 'Em análise', 'Peça reprovada na inspeção');
insert into inspecao (id_inspecao, fk_peca, data_inspecao, resultado_inspe, observacao) values (85, 75, '2/6/2016', 'Reprovado', 'Peça com defeito grave');
insert into inspecao (id_inspecao, fk_peca, data_inspecao, resultado_inspe, observacao) values (70, 10, '2/3/2015', 'Aprovado', 'Peça reprovada na inspeção');
insert into inspecao (id_inspecao, fk_peca, data_inspecao, resultado_inspe, observacao) values (9, 90, '10/10/2015', 'Aprovado', 'Peça com pequeno defeito');
insert into inspecao (id_inspecao, fk_peca, data_inspecao, resultado_inspe, observacao) values (91, 64, '2/20/2012', 'Em análise', 'Peça reprovada na inspeção');
insert into inspecao (id_inspecao, fk_peca, data_inspecao, resultado_inspe, observacao) values (99, 2, '2/26/2020', 'Reprovado', 'Peça reprovada na inspeção');
insert into inspecao (id_inspecao, fk_peca, data_inspecao, resultado_inspe, observacao) values (59, 38, '12/21/2012', 'Reprovado', 'Peça reprovada na inspeção');
insert into inspecao (id_inspecao, fk_peca, data_inspecao, resultado_inspe, observacao) values (37, 69, '8/7/2018', 'Reprovado', 'Peça com defeito grave');
insert into inspecao (id_inspecao, fk_peca, data_inspecao, resultado_inspe, observacao) values (97, 30, '12/1/2016', 'Reprovado', 'Peça com defeito grave');
insert into inspecao (id_inspecao, fk_peca, data_inspecao, resultado_inspe, observacao) values (95, 100, '1/7/2022', 'Aprovado', 'Peça em perfeito estado');
insert into inspecao (id_inspecao, fk_peca, data_inspecao, resultado_inspe, observacao) values (18, 34, '8/2/2018', 'Reprovado', 'Peça em perfeito estado');
insert into inspecao (id_inspecao, fk_peca, data_inspecao, resultado_inspe, observacao) values (85, 61, '8/9/2013', 'Em análise', 'Peça em perfeito estado');
insert into inspecao (id_inspecao, fk_peca, data_inspecao, resultado_inspe, observacao) values (76, 8, '12/27/2010', 'Aprovado', 'Peça reprovada na inspeção');
insert into inspecao (id_inspecao, fk_peca, data_inspecao, resultado_inspe, observacao) values (5, 1, '1/30/2014', 'Aprovado', 'Peça com defeito grave');
insert into inspecao (id_inspecao, fk_peca, data_inspecao, resultado_inspe, observacao) values (50, 54, '4/4/2010', 'Reprovado', 'Peça com pequeno defeito');
insert into inspecao (id_inspecao, fk_peca, data_inspecao, resultado_inspe, observacao) values (73, 70, '10/11/2016', 'Aprovado', 'Peça reprovada na inspeção');
insert into inspecao (id_inspecao, fk_peca, data_inspecao, resultado_inspe, observacao) values (10, 52, '10/29/2018', 'Aprovado', 'Peça em perfeito estado');
insert into inspecao (id_inspecao, fk_peca, data_inspecao, resultado_inspe, observacao) values (75, 53, '10/17/2010', 'Reprovado', 'Peça em perfeito estado');
insert into inspecao (id_inspecao, fk_peca, data_inspecao, resultado_inspe, observacao) values (13, 27, '4/21/2011', 'Aprovado', 'Peça com defeito grave');
insert into inspecao (id_inspecao, fk_peca, data_inspecao, resultado_inspe, observacao) values (79, 36, '11/5/2016', 'Reprovado', 'Peça reprovada na inspeção');
insert into inspecao (id_inspecao, fk_peca, data_inspecao, resultado_inspe, observacao) values (60, 43, '11/7/2012', 'Em análise', 'Peça em perfeito estado');
insert into inspecao (id_inspecao, fk_peca, data_inspecao, resultado_inspe, observacao) values (43, 13, '3/21/2016', 'Aprovado', 'Peça em perfeito estado');
insert into inspecao (id_inspecao, fk_peca, data_inspecao, resultado_inspe, observacao) values (78, 82, '12/10/2018', 'Aprovado', 'Peça com pequeno defeito');
insert into inspecao (id_inspecao, fk_peca, data_inspecao, resultado_inspe, observacao) values (14, 8, '11/29/2016', 'Aprovado', 'Peça reprovada na inspeção');
insert into inspecao (id_inspecao, fk_peca, data_inspecao, resultado_inspe, observacao) values (29, 41, '3/29/2015', 'Reprovado', 'Peça reprovada na inspeção');
insert into inspecao (id_inspecao, fk_peca, data_inspecao, resultado_inspe, observacao) values (4, 25, '4/8/2015', 'Aprovado', 'Peça com defeito grave');
insert into inspecao (id_inspecao, fk_peca, data_inspecao, resultado_inspe, observacao) values (42, 60, '8/6/2010', 'Em análise', 'Peça com defeito grave');
insert into inspecao (id_inspecao, fk_peca, data_inspecao, resultado_inspe, observacao) values (47, 84, '4/26/2011', 'Em análise', 'Peça reprovada na inspeção');
insert into inspecao (id_inspecao, fk_peca, data_inspecao, resultado_inspe, observacao) values (100, 35, '11/22/2012', 'Aprovado', 'Peça em perfeito estado');
insert into inspecao (id_inspecao, fk_peca, data_inspecao, resultado_inspe, observacao) values (21, 69, '8/23/2022', 'Em análise', 'Peça reprovada na inspeção');
insert into inspecao (id_inspecao, fk_peca, data_inspecao, resultado_inspe, observacao) values (61, 31, '4/2/2014', 'Reprovado', 'Peça em perfeito estado');
insert into inspecao (id_inspecao, fk_peca, data_inspecao, resultado_inspe, observacao) values (12, 85, '10/22/2015', 'Reprovado', 'Peça com defeito grave');
insert into inspecao (id_inspecao, fk_peca, data_inspecao, resultado_inspe, observacao) values (86, 47, '1/3/2019', 'Em análise', 'Peça com pequeno defeito');
insert into inspecao (id_inspecao, fk_peca, data_inspecao, resultado_inspe, observacao) values (27, 73, '4/13/2011', 'Em análise', 'Peça com pequeno defeito');
insert into inspecao (id_inspecao, fk_peca, data_inspecao, resultado_inspe, observacao) values (31, 94, '7/19/2022', 'Reprovado', 'Peça com defeito grave');
insert into inspecao (id_inspecao, fk_peca, data_inspecao, resultado_inspe, observacao) values (63, 74, '1/3/2014', 'Aprovado', 'Peça reprovada na inspeção');
insert into inspecao (id_inspecao, fk_peca, data_inspecao, resultado_inspe, observacao) values (85, 35, '2/24/2021', 'Em análise', 'Peça em perfeito estado');
insert into inspecao (id_inspecao, fk_peca, data_inspecao, resultado_inspe, observacao) values (69, 49, '12/9/2021', 'Reprovado', 'Peça com pequeno defeito');
insert into inspecao (id_inspecao, fk_peca, data_inspecao, resultado_inspe, observacao) values (45, 52, '12/28/2021', 'Reprovado', 'Peça em perfeito estado');

insert into rejeicoes (id_rejeicao, fk_peca, motivo_rejeicao, data_rejeicao, acoes_corretiva) values (62, 11, 'Peça não compatível', '11/28/2003', 'ajuste');
insert into rejeicoes (id_rejeicao, fk_peca, motivo_rejeicao, data_rejeicao, acoes_corretiva) values (91, 16, 'Peça faltante', '6/10/2011', 'substituição');
insert into rejeicoes (id_rejeicao, fk_peca, motivo_rejeicao, data_rejeicao, acoes_corretiva) values (84, 40, 'Peça danificada', '2/21/2020', 'substituição');
insert into rejeicoes (id_rejeicao, fk_peca, motivo_rejeicao, data_rejeicao, acoes_corretiva) values (77, 29, 'Peça fora de especificação', '4/24/2015', 'ajuste');
insert into rejeicoes (id_rejeicao, fk_peca, motivo_rejeicao, data_rejeicao, acoes_corretiva) values (28, 74, 'Peça não compatível', '12/23/2019', 'ajuste');
insert into rejeicoes (id_rejeicao, fk_peca, motivo_rejeicao, data_rejeicao, acoes_corretiva) values (12, 10, 'Peça não compatível', '11/18/2020', 'substituição');
insert into rejeicoes (id_rejeicao, fk_peca, motivo_rejeicao, data_rejeicao, acoes_corretiva) values (19, 34, 'Peça fora de especificação', '6/12/2017', 'reparo');
insert into rejeicoes (id_rejeicao, fk_peca, motivo_rejeicao, data_rejeicao, acoes_corretiva) values (4, 74, 'Peça faltante', '4/26/2001', 'ajuste');
insert into rejeicoes (id_rejeicao, fk_peca, motivo_rejeicao, data_rejeicao, acoes_corretiva) values (23, 47, 'Peça danificada', '1/19/2015', 'manutenção');
insert into rejeicoes (id_rejeicao, fk_peca, motivo_rejeicao, data_rejeicao, acoes_corretiva) values (66, 79, 'Peça danificada', '3/15/2019', 'manutenção');
insert into rejeicoes (id_rejeicao, fk_peca, motivo_rejeicao, data_rejeicao, acoes_corretiva) values (89, 22, 'Peça danificada', '5/31/2009', 'manutenção');
insert into rejeicoes (id_rejeicao, fk_peca, motivo_rejeicao, data_rejeicao, acoes_corretiva) values (53, 92, 'Peça faltante', '10/17/2001', 'substituição');
insert into rejeicoes (id_rejeicao, fk_peca, motivo_rejeicao, data_rejeicao, acoes_corretiva) values (99, 11, 'Peça não compatível', '3/20/2004', 'manutenção');
insert into rejeicoes (id_rejeicao, fk_peca, motivo_rejeicao, data_rejeicao, acoes_corretiva) values (28, 39, 'Peça com defeito de fabricação', '2/12/2006', 'ajuste');
insert into rejeicoes (id_rejeicao, fk_peca, motivo_rejeicao, data_rejeicao, acoes_corretiva) values (44, 45, 'Peça com defeito de fabricação', '2/20/2011', 'manutenção');
insert into rejeicoes (id_rejeicao, fk_peca, motivo_rejeicao, data_rejeicao, acoes_corretiva) values (48, 75, 'Peça fora de especificação', '9/27/2017', 'substituição');
insert into rejeicoes (id_rejeicao, fk_peca, motivo_rejeicao, data_rejeicao, acoes_corretiva) values (5, 3, 'Peça com defeito de fabricação', '8/4/2005', 'substituição');
insert into rejeicoes (id_rejeicao, fk_peca, motivo_rejeicao, data_rejeicao, acoes_corretiva) values (53, 30, 'Peça com defeito de fabricação', '4/25/2015', 'substituição');
insert into rejeicoes (id_rejeicao, fk_peca, motivo_rejeicao, data_rejeicao, acoes_corretiva) values (48, 95, 'Peça não compatível', '10/26/2006', 'ajuste');
insert into rejeicoes (id_rejeicao, fk_peca, motivo_rejeicao, data_rejeicao, acoes_corretiva) values (30, 87, 'Peça não compatível', '10/10/2011', 'substituição');
insert into rejeicoes (id_rejeicao, fk_peca, motivo_rejeicao, data_rejeicao, acoes_corretiva) values (100, 72, 'Peça fora de especificação', '10/8/2013', 'substituição');
insert into rejeicoes (id_rejeicao, fk_peca, motivo_rejeicao, data_rejeicao, acoes_corretiva) values (47, 74, 'Peça fora de especificação', '6/4/2017', 'ajuste');
insert into rejeicoes (id_rejeicao, fk_peca, motivo_rejeicao, data_rejeicao, acoes_corretiva) values (21, 41, 'Peça fora de especificação', '1/11/2016', 'ajuste');
insert into rejeicoes (id_rejeicao, fk_peca, motivo_rejeicao, data_rejeicao, acoes_corretiva) values (97, 61, 'Peça danificada', '10/26/2004', 'substituição');
insert into rejeicoes (id_rejeicao, fk_peca, motivo_rejeicao, data_rejeicao, acoes_corretiva) values (75, 44, 'Peça faltante', '12/8/2013', 'reparo');
insert into rejeicoes (id_rejeicao, fk_peca, motivo_rejeicao, data_rejeicao, acoes_corretiva) values (67, 6, 'Peça danificada', '7/4/2008', 'ajuste');
insert into rejeicoes (id_rejeicao, fk_peca, motivo_rejeicao, data_rejeicao, acoes_corretiva) values (69, 10, 'Peça não compatível', '12/16/2015', 'substituição');
insert into rejeicoes (id_rejeicao, fk_peca, motivo_rejeicao, data_rejeicao, acoes_corretiva) values (48, 73, 'Peça fora de especificação', '2/16/2018', 'manutenção');
insert into rejeicoes (id_rejeicao, fk_peca, motivo_rejeicao, data_rejeicao, acoes_corretiva) values (71, 69, 'Peça faltante', '12/19/2002', 'reparo');
insert into rejeicoes (id_rejeicao, fk_peca, motivo_rejeicao, data_rejeicao, acoes_corretiva) values (88, 10, 'Peça não compatível', '1/4/2001', 'manutenção');
insert into rejeicoes (id_rejeicao, fk_peca, motivo_rejeicao, data_rejeicao, acoes_corretiva) values (15, 8, 'Peça faltante', '9/6/2010', 'reparo');
insert into rejeicoes (id_rejeicao, fk_peca, motivo_rejeicao, data_rejeicao, acoes_corretiva) values (10, 28, 'Peça com defeito de fabricação', '11/23/2015', 'manutenção');
insert into rejeicoes (id_rejeicao, fk_peca, motivo_rejeicao, data_rejeicao, acoes_corretiva) values (80, 8, 'Peça fora de especificação', '12/31/2011', 'substituição');
insert into rejeicoes (id_rejeicao, fk_peca, motivo_rejeicao, data_rejeicao, acoes_corretiva) values (40, 87, 'Peça não compatível', '12/7/2006', 'manutenção');
insert into rejeicoes (id_rejeicao, fk_peca, motivo_rejeicao, data_rejeicao, acoes_corretiva) values (89, 15, 'Peça não compatível', '1/8/2019', 'ajuste');
insert into rejeicoes (id_rejeicao, fk_peca, motivo_rejeicao, data_rejeicao, acoes_corretiva) values (64, 7, 'Peça não compatível', '1/1/2019', 'reparo');
insert into rejeicoes (id_rejeicao, fk_peca, motivo_rejeicao, data_rejeicao, acoes_corretiva) values (96, 65, 'Peça não compatível', '10/3/2003', 'reparo');
insert into rejeicoes (id_rejeicao, fk_peca, motivo_rejeicao, data_rejeicao, acoes_corretiva) values (11, 25, 'Peça não compatível', '4/6/2019', 'ajuste');
insert into rejeicoes (id_rejeicao, fk_peca, motivo_rejeicao, data_rejeicao, acoes_corretiva) values (63, 2, 'Peça danificada', '6/9/2001', 'ajuste');
insert into rejeicoes (id_rejeicao, fk_peca, motivo_rejeicao, data_rejeicao, acoes_corretiva) values (63, 97, 'Peça com defeito de fabricação', '3/18/2011', 'manutenção');
insert into rejeicoes (id_rejeicao, fk_peca, motivo_rejeicao, data_rejeicao, acoes_corretiva) values (62, 49, 'Peça fora de especificação', '5/16/2001', 'manutenção');
insert into rejeicoes (id_rejeicao, fk_peca, motivo_rejeicao, data_rejeicao, acoes_corretiva) values (14, 95, 'Peça faltante', '6/15/2006', 'reparo');
insert into rejeicoes (id_rejeicao, fk_peca, motivo_rejeicao, data_rejeicao, acoes_corretiva) values (40, 24, 'Peça não compatível', '1/22/2012', 'ajuste');
insert into rejeicoes (id_rejeicao, fk_peca, motivo_rejeicao, data_rejeicao, acoes_corretiva) values (73, 78, 'Peça danificada', '10/11/2013', 'reparo');
insert into rejeicoes (id_rejeicao, fk_peca, motivo_rejeicao, data_rejeicao, acoes_corretiva) values (15, 0, 'Peça fora de especificação', '12/30/2020', 'substituição');
insert into rejeicoes (id_rejeicao, fk_peca, motivo_rejeicao, data_rejeicao, acoes_corretiva) values (50, 52, 'Peça faltante', '11/20/2005', 'manutenção');
insert into rejeicoes (id_rejeicao, fk_peca, motivo_rejeicao, data_rejeicao, acoes_corretiva) values (77, 85, 'Peça fora de especificação', '2/26/2017', 'ajuste');
insert into rejeicoes (id_rejeicao, fk_peca, motivo_rejeicao, data_rejeicao, acoes_corretiva) values (45, 23, 'Peça faltante', '12/7/2009', 'ajuste');
insert into rejeicoes (id_rejeicao, fk_peca, motivo_rejeicao, data_rejeicao, acoes_corretiva) values (13, 49, 'Peça com defeito de fabricação', '5/27/2006', 'ajuste');
insert into rejeicoes (id_rejeicao, fk_peca, motivo_rejeicao, data_rejeicao, acoes_corretiva) values (22, 1, 'Peça com defeito de fabricação', '4/2/2004', 'ajuste');
insert into rejeicoes (id_rejeicao, fk_peca, motivo_rejeicao, data_rejeicao, acoes_corretiva) values (84, 43, 'Peça faltante', '3/26/2004', 'manutenção');
insert into rejeicoes (id_rejeicao, fk_peca, motivo_rejeicao, data_rejeicao, acoes_corretiva) values (6, 35, 'Peça com defeito de fabricação', '12/31/2011', 'reparo');
insert into rejeicoes (id_rejeicao, fk_peca, motivo_rejeicao, data_rejeicao, acoes_corretiva) values (57, 4, 'Peça faltante', '3/10/2006', 'reparo');
insert into rejeicoes (id_rejeicao, fk_peca, motivo_rejeicao, data_rejeicao, acoes_corretiva) values (54, 81, 'Peça com defeito de fabricação', '7/19/2018', 'ajuste');
insert into rejeicoes (id_rejeicao, fk_peca, motivo_rejeicao, data_rejeicao, acoes_corretiva) values (25, 20, 'Peça com defeito de fabricação', '9/12/2006', 'manutenção');
insert into rejeicoes (id_rejeicao, fk_peca, motivo_rejeicao, data_rejeicao, acoes_corretiva) values (100, 29, 'Peça fora de especificação', '11/21/2018', 'ajuste');
insert into rejeicoes (id_rejeicao, fk_peca, motivo_rejeicao, data_rejeicao, acoes_corretiva) values (18, 58, 'Peça danificada', '6/28/2009', 'reparo');
insert into rejeicoes (id_rejeicao, fk_peca, motivo_rejeicao, data_rejeicao, acoes_corretiva) values (89, 60, 'Peça danificada', '10/29/2017', 'substituição');
insert into rejeicoes (id_rejeicao, fk_peca, motivo_rejeicao, data_rejeicao, acoes_corretiva) values (27, 97, 'Peça danificada', '11/6/2001', 'manutenção');
insert into rejeicoes (id_rejeicao, fk_peca, motivo_rejeicao, data_rejeicao, acoes_corretiva) values (15, 48, 'Peça faltante', '3/15/2019', 'substituição');
insert into rejeicoes (id_rejeicao, fk_peca, motivo_rejeicao, data_rejeicao, acoes_corretiva) values (52, 55, 'Peça fora de especificação', '6/28/2001', 'substituição');
insert into rejeicoes (id_rejeicao, fk_peca, motivo_rejeicao, data_rejeicao, acoes_corretiva) values (28, 88, 'Peça faltante', '4/8/2011', 'reparo');
insert into rejeicoes (id_rejeicao, fk_peca, motivo_rejeicao, data_rejeicao, acoes_corretiva) values (18, 59, 'Peça com defeito de fabricação', '3/27/2015', 'ajuste');
insert into rejeicoes (id_rejeicao, fk_peca, motivo_rejeicao, data_rejeicao, acoes_corretiva) values (53, 22, 'Peça com defeito de fabricação', '2/20/2018', 'substituição');
insert into rejeicoes (id_rejeicao, fk_peca, motivo_rejeicao, data_rejeicao, acoes_corretiva) values (2, 10, 'Peça danificada', '9/9/2013', 'reparo');
insert into rejeicoes (id_rejeicao, fk_peca, motivo_rejeicao, data_rejeicao, acoes_corretiva) values (57, 64, 'Peça fora de especificação', '5/16/2006', 'manutenção');
insert into rejeicoes (id_rejeicao, fk_peca, motivo_rejeicao, data_rejeicao, acoes_corretiva) values (90, 96, 'Peça fora de especificação', '4/10/2005', 'reparo');
insert into rejeicoes (id_rejeicao, fk_peca, motivo_rejeicao, data_rejeicao, acoes_corretiva) values (29, 32, 'Peça faltante', '9/27/2015', 'manutenção');
insert into rejeicoes (id_rejeicao, fk_peca, motivo_rejeicao, data_rejeicao, acoes_corretiva) values (64, 37, 'Peça faltante', '7/23/2012', 'reparo');
insert into rejeicoes (id_rejeicao, fk_peca, motivo_rejeicao, data_rejeicao, acoes_corretiva) values (78, 58, 'Peça danificada', '12/5/2018', 'substituição');
insert into rejeicoes (id_rejeicao, fk_peca, motivo_rejeicao, data_rejeicao, acoes_corretiva) values (79, 30, 'Peça fora de especificação', '8/11/2004', 'ajuste');
insert into rejeicoes (id_rejeicao, fk_peca, motivo_rejeicao, data_rejeicao, acoes_corretiva) values (67, 27, 'Peça danificada', '9/20/2017', 'substituição');
insert into rejeicoes (id_rejeicao, fk_peca, motivo_rejeicao, data_rejeicao, acoes_corretiva) values (34, 10, 'Peça faltante', '7/28/2005', 'substituição');
insert into rejeicoes (id_rejeicao, fk_peca, motivo_rejeicao, data_rejeicao, acoes_corretiva) values (58, 39, 'Peça fora de especificação', '12/16/2015', 'ajuste');
insert into rejeicoes (id_rejeicao, fk_peca, motivo_rejeicao, data_rejeicao, acoes_corretiva) values (92, 20, 'Peça danificada', '2/8/2014', 'substituição');
insert into rejeicoes (id_rejeicao, fk_peca, motivo_rejeicao, data_rejeicao, acoes_corretiva) values (62, 45, 'Peça faltante', '12/7/2016', 'manutenção');
insert into rejeicoes (id_rejeicao, fk_peca, motivo_rejeicao, data_rejeicao, acoes_corretiva) values (9, 42, 'Peça fora de especificação', '3/11/2004', 'ajuste');
insert into rejeicoes (id_rejeicao, fk_peca, motivo_rejeicao, data_rejeicao, acoes_corretiva) values (42, 86, 'Peça não compatível', '10/25/2012', 'reparo');
insert into rejeicoes (id_rejeicao, fk_peca, motivo_rejeicao, data_rejeicao, acoes_corretiva) values (29, 77, 'Peça não compatível', '11/5/2003', 'reparo');
insert into rejeicoes (id_rejeicao, fk_peca, motivo_rejeicao, data_rejeicao, acoes_corretiva) values (49, 27, 'Peça com defeito de fabricação', '12/26/2013', 'ajuste');

insert into aceitacao (id_aceitacao, fk_peca_aceita, data_aceitacao, destino_peca, observacao) values (86, 45, '2/22/2009', 'supplier', 'Peça com pequeno arranhão');
insert into aceitacao (id_aceitacao, fk_peca_aceita, data_aceitacao, destino_peca, observacao) values (93, 33, '8/4/2020', 'customer', 'Peça com desgaste natural');
insert into aceitacao (id_aceitacao, fk_peca_aceita, data_aceitacao, destino_peca, observacao) values (77, 71, '6/7/2017', 'distribution center', 'Peça com pequeno arranhão');
insert into aceitacao (id_aceitacao, fk_peca_aceita, data_aceitacao, destino_peca, observacao) values (11, 79, '6/30/2001', 'supplier', 'Peça com defeito de fabricação');
insert into aceitacao (id_aceitacao, fk_peca_aceita, data_aceitacao, destino_peca, observacao) values (73, 45, '3/27/2013', 'supplier', 'Peça com pequeno arranhão');
insert into aceitacao (id_aceitacao, fk_peca_aceita, data_aceitacao, destino_peca, observacao) values (61, 85, '4/26/2012', 'warehouse', 'Peça com pequeno arranhão');
insert into aceitacao (id_aceitacao, fk_peca_aceita, data_aceitacao, destino_peca, observacao) values (55, 75, '7/6/2011', 'supplier', 'Peça com pequeno arranhão');
insert into aceitacao (id_aceitacao, fk_peca_aceita, data_aceitacao, destino_peca, observacao) values (39, 5, '3/9/2004', 'customer', 'Peça com defeito de fabricação');
insert into aceitacao (id_aceitacao, fk_peca_aceita, data_aceitacao, destino_peca, observacao) values (94, 18, '8/1/2008', 'distribution center', 'Peça com defeito de fabricação');
insert into aceitacao (id_aceitacao, fk_peca_aceita, data_aceitacao, destino_peca, observacao) values (98, 67, '1/1/2012', 'warehouse', 'Peça com defeito de fabricação');
insert into aceitacao (id_aceitacao, fk_peca_aceita, data_aceitacao, destino_peca, observacao) values (59, 88, '7/9/2011', 'supplier', 'Peça com pequeno arranhão');
insert into aceitacao (id_aceitacao, fk_peca_aceita, data_aceitacao, destino_peca, observacao) values (26, 6, '3/12/2020', 'customer', 'Peça com defeito de fabricação');
insert into aceitacao (id_aceitacao, fk_peca_aceita, data_aceitacao, destino_peca, observacao) values (33, 71, '11/20/2004', 'warehouse', 'Peça em perfeito estado');
insert into aceitacao (id_aceitacao, fk_peca_aceita, data_aceitacao, destino_peca, observacao) values (6, 62, '9/6/2008', 'warehouse', 'Peça com desgaste natural');
insert into aceitacao (id_aceitacao, fk_peca_aceita, data_aceitacao, destino_peca, observacao) values (69, 58, '4/4/2011', 'warehouse', 'Peça com desgaste natural');
insert into aceitacao (id_aceitacao, fk_peca_aceita, data_aceitacao, destino_peca, observacao) values (85, 90, '7/2/2002', 'customer', 'Peça em perfeito estado');
insert into aceitacao (id_aceitacao, fk_peca_aceita, data_aceitacao, destino_peca, observacao) values (97, 51, '3/3/2010', 'supplier', 'Peça com desgaste natural');
insert into aceitacao (id_aceitacao, fk_peca_aceita, data_aceitacao, destino_peca, observacao) values (44, 25, '10/13/2002', 'distribution center', 'Peça com pequeno arranhão');
insert into aceitacao (id_aceitacao, fk_peca_aceita, data_aceitacao, destino_peca, observacao) values (19, 88, '9/7/2003', 'warehouse', 'Peça com defeito de fabricação');
insert into aceitacao (id_aceitacao, fk_peca_aceita, data_aceitacao, destino_peca, observacao) values (17, 41, '9/13/2005', 'distribution center', 'Peça com defeito de fabricação');
insert into aceitacao (id_aceitacao, fk_peca_aceita, data_aceitacao, destino_peca, observacao) values (14, 50, '8/14/2015', 'supplier', 'Peça com desgaste natural');
insert into aceitacao (id_aceitacao, fk_peca_aceita, data_aceitacao, destino_peca, observacao) values (73, 11, '10/8/2015', 'warehouse', 'Peça com defeito de fabricação');
insert into aceitacao (id_aceitacao, fk_peca_aceita, data_aceitacao, destino_peca, observacao) values (48, 91, '6/21/2001', 'supplier', 'Peça com defeito de fabricação');
insert into aceitacao (id_aceitacao, fk_peca_aceita, data_aceitacao, destino_peca, observacao) values (79, 77, '2/7/2018', 'warehouse', 'Peça com defeito de fabricação');
insert into aceitacao (id_aceitacao, fk_peca_aceita, data_aceitacao, destino_peca, observacao) values (32, 25, '2/16/2006', 'distribution center', 'Peça em perfeito estado');
insert into aceitacao (id_aceitacao, fk_peca_aceita, data_aceitacao, destino_peca, observacao) values (85, 56, '3/18/2019', 'customer', 'Peça com desgaste natural');
insert into aceitacao (id_aceitacao, fk_peca_aceita, data_aceitacao, destino_peca, observacao) values (33, 32, '12/9/2020', 'distribution center', 'Peça com pequeno arranhão');
insert into aceitacao (id_aceitacao, fk_peca_aceita, data_aceitacao, destino_peca, observacao) values (79, 65, '4/29/2019', 'supplier', 'Peça com defeito de fabricação');
insert into aceitacao (id_aceitacao, fk_peca_aceita, data_aceitacao, destino_peca, observacao) values (60, 24, '9/15/2001', 'distribution center', 'Peça em perfeito estado');
insert into aceitacao (id_aceitacao, fk_peca_aceita, data_aceitacao, destino_peca, observacao) values (33, 7, '4/22/2013', 'supplier', 'Peça com pequeno arranhão');
insert into aceitacao (id_aceitacao, fk_peca_aceita, data_aceitacao, destino_peca, observacao) values (41, 57, '1/3/2017', 'supplier', 'Peça com defeito de fabricação');
insert into aceitacao (id_aceitacao, fk_peca_aceita, data_aceitacao, destino_peca, observacao) values (33, 28, '11/16/2013', 'distribution center', 'Peça com desgaste natural');
insert into aceitacao (id_aceitacao, fk_peca_aceita, data_aceitacao, destino_peca, observacao) values (27, 97, '6/10/2011', 'distribution center', 'Peça com desgaste natural');
insert into aceitacao (id_aceitacao, fk_peca_aceita, data_aceitacao, destino_peca, observacao) values (25, 67, '7/13/2009', 'warehouse', 'Peça com defeito de fabricação');
insert into aceitacao (id_aceitacao, fk_peca_aceita, data_aceitacao, destino_peca, observacao) values (71, 80, '7/13/2008', 'distribution center', 'Peça com pequeno arranhão');
insert into aceitacao (id_aceitacao, fk_peca_aceita, data_aceitacao, destino_peca, observacao) values (88, 34, '11/12/2001', 'customer', 'Peça em perfeito estado');
insert into aceitacao (id_aceitacao, fk_peca_aceita, data_aceitacao, destino_peca, observacao) values (98, 34, '10/2/2005', 'customer', 'Peça em perfeito estado');
insert into aceitacao (id_aceitacao, fk_peca_aceita, data_aceitacao, destino_peca, observacao) values (13, 61, '2/16/2019', 'customer', 'Peça com desgaste natural');
insert into aceitacao (id_aceitacao, fk_peca_aceita, data_aceitacao, destino_peca, observacao) values (20, 48, '6/29/2013', 'warehouse', 'Peça com defeito de fabricação');
insert into aceitacao (id_aceitacao, fk_peca_aceita, data_aceitacao, destino_peca, observacao) values (79, 45, '8/20/2019', 'distribution center', 'Peça com pequeno arranhão');
insert into aceitacao (id_aceitacao, fk_peca_aceita, data_aceitacao, destino_peca, observacao) values (84, 76, '6/1/2004', 'supplier', 'Peça em perfeito estado');
insert into aceitacao (id_aceitacao, fk_peca_aceita, data_aceitacao, destino_peca, observacao) values (31, 100, '6/26/2019', 'customer', 'Peça com desgaste natural');
insert into aceitacao (id_aceitacao, fk_peca_aceita, data_aceitacao, destino_peca, observacao) values (88, 16, '1/18/2014', 'warehouse', 'Peça com defeito de fabricação');
insert into aceitacao (id_aceitacao, fk_peca_aceita, data_aceitacao, destino_peca, observacao) values (24, 54, '8/18/2003', 'supplier', 'Peça com defeito de fabricação');
insert into aceitacao (id_aceitacao, fk_peca_aceita, data_aceitacao, destino_peca, observacao) values (12, 90, '7/8/2001', 'supplier', 'Peça em perfeito estado');
insert into aceitacao (id_aceitacao, fk_peca_aceita, data_aceitacao, destino_peca, observacao) values (45, 46, '8/18/2006', 'warehouse', 'Peça em perfeito estado');
insert into aceitacao (id_aceitacao, fk_peca_aceita, data_aceitacao, destino_peca, observacao) values (87, 43, '1/18/2004', 'customer', 'Peça com desgaste natural');
insert into aceitacao (id_aceitacao, fk_peca_aceita, data_aceitacao, destino_peca, observacao) values (87, 18, '11/26/2010', 'supplier', 'Peça com defeito de fabricação');
insert into aceitacao (id_aceitacao, fk_peca_aceita, data_aceitacao, destino_peca, observacao) values (61, 82, '4/6/2015', 'supplier', 'Peça em perfeito estado');
insert into aceitacao (id_aceitacao, fk_peca_aceita, data_aceitacao, destino_peca, observacao) values (54, 61, '10/22/2011', 'distribution center', 'Peça em perfeito estado');
insert into aceitacao (id_aceitacao, fk_peca_aceita, data_aceitacao, destino_peca, observacao) values (97, 12, '12/7/2006', 'distribution center', 'Peça com desgaste natural');
insert into aceitacao (id_aceitacao, fk_peca_aceita, data_aceitacao, destino_peca, observacao) values (8, 24, '7/20/2003', 'customer', 'Peça com pequeno arranhão');
insert into aceitacao (id_aceitacao, fk_peca_aceita, data_aceitacao, destino_peca, observacao) values (62, 98, '10/31/2014', 'customer', 'Peça em perfeito estado');
insert into aceitacao (id_aceitacao, fk_peca_aceita, data_aceitacao, destino_peca, observacao) values (38, 53, '5/5/2018', 'warehouse', 'Peça com pequeno arranhão');
insert into aceitacao (id_aceitacao, fk_peca_aceita, data_aceitacao, destino_peca, observacao) values (13, 69, '6/12/2001', 'distribution center', 'Peça com defeito de fabricação');
insert into aceitacao (id_aceitacao, fk_peca_aceita, data_aceitacao, destino_peca, observacao) values (68, 86, '1/20/2012', 'distribution center', 'Peça com defeito de fabricação');
insert into aceitacao (id_aceitacao, fk_peca_aceita, data_aceitacao, destino_peca, observacao) values (35, 99, '11/29/2008', 'distribution center', 'Peça com desgaste natural');
insert into aceitacao (id_aceitacao, fk_peca_aceita, data_aceitacao, destino_peca, observacao) values (81, 44, '3/25/2009', 'warehouse', 'Peça com pequeno arranhão');
insert into aceitacao (id_aceitacao, fk_peca_aceita, data_aceitacao, destino_peca, observacao) values (19, 80, '7/17/2003', 'supplier', 'Peça em perfeito estado');
insert into aceitacao (id_aceitacao, fk_peca_aceita, data_aceitacao, destino_peca, observacao) values (79, 8, '5/27/2010', 'distribution center', 'Peça em perfeito estado');
insert into aceitacao (id_aceitacao, fk_peca_aceita, data_aceitacao, destino_peca, observacao) values (66, 14, '8/3/2019', 'supplier', 'Peça com pequeno arranhão');
insert into aceitacao (id_aceitacao, fk_peca_aceita, data_aceitacao, destino_peca, observacao) values (22, 72, '4/13/2008', 'warehouse', 'Peça com defeito de fabricação');
insert into aceitacao (id_aceitacao, fk_peca_aceita, data_aceitacao, destino_peca, observacao) values (29, 76, '7/15/2002', 'supplier', 'Peça em perfeito estado');
insert into aceitacao (id_aceitacao, fk_peca_aceita, data_aceitacao, destino_peca, observacao) values (3, 50, '5/18/2006', 'warehouse', 'Peça com defeito de fabricação');
insert into aceitacao (id_aceitacao, fk_peca_aceita, data_aceitacao, destino_peca, observacao) values (82, 79, '12/1/2002', 'warehouse', 'Peça com pequeno arranhão');
insert into aceitacao (id_aceitacao, fk_peca_aceita, data_aceitacao, destino_peca, observacao) values (89, 73, '12/24/2011', 'supplier', 'Peça com desgaste natural');
insert into aceitacao (id_aceitacao, fk_peca_aceita, data_aceitacao, destino_peca, observacao) values (49, 47, '1/24/2002', 'customer', 'Peça com defeito de fabricação');
insert into aceitacao (id_aceitacao, fk_peca_aceita, data_aceitacao, destino_peca, observacao) values (23, 9, '4/11/2003', 'warehouse', 'Peça com pequeno arranhão');
insert into aceitacao (id_aceitacao, fk_peca_aceita, data_aceitacao, destino_peca, observacao) values (96, 67, '8/17/2015', 'distribution center', 'Peça com desgaste natural');
insert into aceitacao (id_aceitacao, fk_peca_aceita, data_aceitacao, destino_peca, observacao) values (40, 100, '11/23/2004', 'customer', 'Peça com desgaste natural');
insert into aceitacao (id_aceitacao, fk_peca_aceita, data_aceitacao, destino_peca, observacao) values (88, 18, '10/28/2014', 'supplier', 'Peça com pequeno arranhão');
insert into aceitacao (id_aceitacao, fk_peca_aceita, data_aceitacao, destino_peca, observacao) values (12, 66, '8/11/2002', 'customer', 'Peça com desgaste natural');
insert into aceitacao (id_aceitacao, fk_peca_aceita, data_aceitacao, destino_peca, observacao) values (49, 89, '7/8/2002', 'supplier', 'Peça com desgaste natural');
insert into aceitacao (id_aceitacao, fk_peca_aceita, data_aceitacao, destino_peca, observacao) values (59, 35, '9/4/2006', 'distribution center', 'Peça com pequeno arranhão');
insert into aceitacao (id_aceitacao, fk_peca_aceita, data_aceitacao, destino_peca, observacao) values (80, 90, '3/21/2015', 'customer', 'Peça com defeito de fabricação');
insert into aceitacao (id_aceitacao, fk_peca_aceita, data_aceitacao, destino_peca, observacao) values (73, 49, '10/9/2005', 'customer', 'Peça com desgaste natural');
insert into aceitacao (id_aceitacao, fk_peca_aceita, data_aceitacao, destino_peca, observacao) values (85, 95, '11/21/2003', 'distribution center', 'Peça com defeito de fabricação');
insert into aceitacao (id_aceitacao, fk_peca_aceita, data_aceitacao, destino_peca, observacao) values (6, 63, '2/25/2015', 'customer', 'Peça com defeito de fabricação');
insert into aceitacao (id_aceitacao, fk_peca_aceita, data_aceitacao, destino_peca, observacao) values (67, 4, '10/3/2011', 'warehouse', 'Peça com desgaste natural');
insert into aceitacao (id_aceitacao, fk_peca_aceita, data_aceitacao, destino_peca, observacao) values (18, 66, '11/5/2013', 'warehouse', 'Peça com defeito de fabricação');

insert into materia_prima (id_materia, descricao, fornecedor, quantidade, data_compra) values (75, 'metal', 'Quality Providers', 386, '1/8/2012');
insert into materia_prima (id_materia, descricao, fornecedor, quantidade, data_compra) values (90, 'madeira', 'Provision Partners', 696, '7/10/2021');
insert into materia_prima (id_materia, descricao, fornecedor, quantidade, data_compra) values (3, 'metal', 'XYZ Corporation', 945, '5/6/2010');
insert into materia_prima (id_materia, descricao, fornecedor, quantidade, data_compra) values (21, 'tecido', 'Prime Materials', 148, '6/30/2019');
insert into materia_prima (id_materia, descricao, fornecedor, quantidade, data_compra) values (70, 'metal', 'Global Materials', 215, '5/9/2022');
insert into materia_prima (id_materia, descricao, fornecedor, quantidade, data_compra) values (52, 'madeira', 'Prime Materials', 858, '4/4/2015');
insert into materia_prima (id_materia, descricao, fornecedor, quantidade, data_compra) values (86, 'plástico', 'Provision Partners', 522, '1/19/2022');
insert into materia_prima (id_materia, descricao, fornecedor, quantidade, data_compra) values (6, 'tecido', 'Superior Sourcing', 904, '9/26/2011');
insert into materia_prima (id_materia, descricao, fornecedor, quantidade, data_compra) values (57, 'tecido', 'Mega Suppliers', 145, '2/14/2013');
insert into materia_prima (id_materia, descricao, fornecedor, quantidade, data_compra) values (2, 'tecido', 'Provision Partners', 763, '11/19/2021');
insert into materia_prima (id_materia, descricao, fornecedor, quantidade, data_compra) values (78, 'plástico', 'Global Materials', 991, '9/30/2018');
insert into materia_prima (id_materia, descricao, fornecedor, quantidade, data_compra) values (64, 'plástico', 'Quality Providers', 274, '3/31/2015');
insert into materia_prima (id_materia, descricao, fornecedor, quantidade, data_compra) values (42, 'plástico', 'XYZ Corporation', 856, '3/30/2020');
insert into materia_prima (id_materia, descricao, fornecedor, quantidade, data_compra) values (69, 'vidro', 'Provision Partners', 506, '11/26/2021');
insert into materia_prima (id_materia, descricao, fornecedor, quantidade, data_compra) values (95, 'metal', 'XYZ Corporation', 180, '12/22/2011');
insert into materia_prima (id_materia, descricao, fornecedor, quantidade, data_compra) values (61, 'madeira', 'Acme Suppliers', 668, '2/20/2019');
insert into materia_prima (id_materia, descricao, fornecedor, quantidade, data_compra) values (40, 'madeira', '123 Industries', 70, '6/15/2017');
insert into materia_prima (id_materia, descricao, fornecedor, quantidade, data_compra) values (54, 'metal', '123 Industries', 581, '2/28/2012');
insert into materia_prima (id_materia, descricao, fornecedor, quantidade, data_compra) values (46, 'vidro', '123 Industries', 821, '12/16/2013');
insert into materia_prima (id_materia, descricao, fornecedor, quantidade, data_compra) values (14, 'madeira', 'XYZ Corporation', 418, '4/1/2016');
insert into materia_prima (id_materia, descricao, fornecedor, quantidade, data_compra) values (62, 'metal', 'Superior Sourcing', 596, '1/8/2022');
insert into materia_prima (id_materia, descricao, fornecedor, quantidade, data_compra) values (96, 'metal', '123 Industries', 657, '1/26/2012');
insert into materia_prima (id_materia, descricao, fornecedor, quantidade, data_compra) values (100, 'tecido', 'Mega Suppliers', 973, '6/11/2014');
insert into materia_prima (id_materia, descricao, fornecedor, quantidade, data_compra) values (34, 'metal', 'XYZ Corporation', 999, '9/1/2018');
insert into materia_prima (id_materia, descricao, fornecedor, quantidade, data_compra) values (27, 'vidro', 'Acme Suppliers', 859, '9/6/2011');
insert into materia_prima (id_materia, descricao, fornecedor, quantidade, data_compra) values (58, 'metal', 'Acme Suppliers', 401, '8/5/2010');
insert into materia_prima (id_materia, descricao, fornecedor, quantidade, data_compra) values (69, 'vidro', 'XYZ Corporation', 634, '9/16/2021');
insert into materia_prima (id_materia, descricao, fornecedor, quantidade, data_compra) values (40, 'plástico', 'Prime Materials', 650, '3/23/2021');
insert into materia_prima (id_materia, descricao, fornecedor, quantidade, data_compra) values (92, 'madeira', 'Superior Sourcing', 571, '3/10/2018');
insert into materia_prima (id_materia, descricao, fornecedor, quantidade, data_compra) values (36, 'vidro', 'Superior Sourcing', 892, '1/31/2019');
insert into materia_prima (id_materia, descricao, fornecedor, quantidade, data_compra) values (55, 'tecido', 'Prime Materials', 871, '11/4/2012');
insert into materia_prima (id_materia, descricao, fornecedor, quantidade, data_compra) values (27, 'madeira', 'ABC Company', 978, '11/2/2014');
insert into materia_prima (id_materia, descricao, fornecedor, quantidade, data_compra) values (5, 'vidro', 'Quality Providers', 603, '2/23/2017');
insert into materia_prima (id_materia, descricao, fornecedor, quantidade, data_compra) values (38, 'tecido', 'Acme Suppliers', 48, '1/7/2021');
insert into materia_prima (id_materia, descricao, fornecedor, quantidade, data_compra) values (58, 'plástico', 'Quality Providers', 680, '4/8/2015');
insert into materia_prima (id_materia, descricao, fornecedor, quantidade, data_compra) values (16, 'vidro', 'Prime Materials', 407, '12/1/2013');
insert into materia_prima (id_materia, descricao, fornecedor, quantidade, data_compra) values (88, 'plástico', 'Quality Providers', 813, '3/30/2020');
insert into materia_prima (id_materia, descricao, fornecedor, quantidade, data_compra) values (92, 'vidro', 'Acme Suppliers', 227, '11/21/2022');
insert into materia_prima (id_materia, descricao, fornecedor, quantidade, data_compra) values (39, 'vidro', 'Acme Suppliers', 287, '10/18/2017');
insert into materia_prima (id_materia, descricao, fornecedor, quantidade, data_compra) values (87, 'metal', 'Quality Providers', 149, '5/5/2021');
insert into materia_prima (id_materia, descricao, fornecedor, quantidade, data_compra) values (23, 'plástico', 'Quality Providers', 708, '12/26/2017');
insert into materia_prima (id_materia, descricao, fornecedor, quantidade, data_compra) values (65, 'metal', 'Mega Suppliers', 800, '12/8/2012');
insert into materia_prima (id_materia, descricao, fornecedor, quantidade, data_compra) values (86, 'madeira', 'ABC Company', 297, '6/11/2014');
insert into materia_prima (id_materia, descricao, fornecedor, quantidade, data_compra) values (75, 'metal', 'Prime Materials', 557, '4/2/2021');
insert into materia_prima (id_materia, descricao, fornecedor, quantidade, data_compra) values (92, 'plástico', 'Acme Suppliers', 846, '1/4/2021');
insert into materia_prima (id_materia, descricao, fornecedor, quantidade, data_compra) values (100, 'vidro', 'XYZ Corporation', 64, '6/23/2020');
insert into materia_prima (id_materia, descricao, fornecedor, quantidade, data_compra) values (48, 'plástico', 'Acme Suppliers', 764, '1/26/2022');
insert into materia_prima (id_materia, descricao, fornecedor, quantidade, data_compra) values (14, 'madeira', 'XYZ Corporation', 336, '9/1/2021');
insert into materia_prima (id_materia, descricao, fornecedor, quantidade, data_compra) values (81, 'tecido', 'Acme Suppliers', 291, '5/6/2019');
insert into materia_prima (id_materia, descricao, fornecedor, quantidade, data_compra) values (93, 'metal', 'Prime Materials', 296, '8/28/2013');

insert into fornecedor (id_fornecedor, nome_fornecedor, endereço, contato, avaliacao) values (1, 'Superior Sourcing', '123 Main St', 12, 5.0);
insert into fornecedor (id_fornecedor, nome_fornecedor, endereço, contato, avaliacao) values (2, 'Provision Partners', '321 Pine Rd', 11, 3.3);
insert into fornecedor (id_fornecedor, nome_fornecedor, endereço, contato, avaliacao) values (3, 'ABC Company', '456 Elm Ave', 11, 2.7);
insert into fornecedor (id_fornecedor, nome_fornecedor, endereço, contato, avaliacao) values (4, 'Provision Partners', '987 Maple Blvd', 12, 4.4);
insert into fornecedor (id_fornecedor, nome_fornecedor, endereço, contato, avaliacao) values (5, 'ABC Company', '123 Main St', 11, 3.4);
insert into fornecedor (id_fornecedor, nome_fornecedor, endereço, contato, avaliacao) values (6, 'Superior Sourcing', '987 Maple Blvd', 12, 3.3);
insert into fornecedor (id_fornecedor, nome_fornecedor, endereço, contato, avaliacao) values (7, 'Quality Providers', '123 Main St', 12, 4.8);
insert into fornecedor (id_fornecedor, nome_fornecedor, endereço, contato, avaliacao) values (8, 'ABC Company', '456 Elm Ave', 12, 4.7);
insert into fornecedor (id_fornecedor, nome_fornecedor, endereço, contato, avaliacao) values (9, 'Mega Suppliers', '123 Main St', 11, 4.0);
insert into fornecedor (id_fornecedor, nome_fornecedor, endereço, contato, avaliacao) values (10, 'Quality Providers', '456 Elm Ave', 11, 4.0);